0,1,2,3,4,5,6,7,8,9,10,11,12,13,14,15,16,17,18,19,20,21,22,23,24,25,26,27,28,29,30,31,32,33,34,35,36,37,38,39,40,41,42,43,44,45,46,47,48,49,50,51,52,53,54,55,56,57,58,59,60,61,62,63,64,65,66,67,68,69,70,71,72,73,74,75,76,77,78,79,80,81,82,83,84,85,86,87,88,89,90,91,92,93,94,95,96,97,98,99,100,101,102,103,104,105,106,107,108,109,110,111,112,113,114,115,116,117,118,119,120
0.0,0.001942959668286759,1.5274058524828664,0.12899031794864693,0.0,0.0027710133108104834,1.5274058787002531,0.12899030318652185,0.0,0.0031352852550619865,1.5274059049805808,0.1289902883889551,0.0,0.0033830263553010042,1.5274059312932984,0.12899027357314988,0.0,0.0035745308203269047,1.527405957629298,0.12899025874423425,0.0,0.0037322681120058898,1.527405983983832,0.1289902439048823,0.0,0.0038672508799715193,1.527406010353915,0.12899022905677457,0.0,0.003985753038564616,1.5274060367374742,0.12899021420107834,0.0,0.004091711635440805,1.5274060631329753,0.12899019933865766,0.0,0.004187770553648958,1.5274060895392314,0.12899018447018099,0.0,0.8660813518141285,2.74595720181155e-05,1.5274061060240114,0.12899017518814937,0.0,0.07902368766122096,0.9209763122888042,1.80845016890058,13.131301509994108,107.59615037381153,1.8084501689005654,13.131301509994108,107.59615037381153,1.808450168900224,13.131301509994108,107.59615037381153,0.8660813518141277,2.7459572076122797e-05,1.5274061060240116,0.12899017518814915,0.0,0.07902368766522704,0.9209763123355532,1.8084501689005652,13.131301514063429,107.59615041717674,1.8084501689005654,13.131301514063429,107.59615041717674,1.8084501689007029,13.131301514063429,107.59615041717674,0.866081351814127,2.7459572076119982e-05,1.527406106024012,0.128990175188149,0.0,0.07902368766932948,0.9209763123833821,1.8084501689005652,13.131301514063447,107.5961504171764,1.8084501689005654,13.131301514063447,107.5961504171764,1.808450168900414,13.131301514063447,107.5961504171764,0.8660813518141267,2.7459572076119507e-05,1.5274061060240123,0.12899017518814893,0.0,0.07902368766487046,0.9209763123314063,1.8084501689008303,13.1313015140653,107.59615041719177,1.8084501689005654,13.1313015140653,107.59615041719177,1.80845016890082,13.1313015140653,107.59615041719177,0.8660813518141265,2.7459572076119077e-05,1.527406106024012,0.12899017518814884,0.0,0.0790236876657207,0.9209763123412998,1.8084501689005106,13.131301514062942,107.59615041717241,1.8084501689005654,13.131301514062942,107.59615041717241,1.8084501689007797,13.131301514062942,107.59615041717241
0.001,0.0019429596699703548,1.5274016755700361,0.1289926695937259,0.0,0.002771013313635355,1.5273933340772794,0.12899736593891073,0.0,0.003135285257438109,1.5273849725793687,0.1290020735472632,0.0,0.003383026357523503,1.5273766007970997,0.129006786945846,0.0,0.0035745308234026536,1.5273682216282056,0.12901150450319732,0.0,0.0037322681473190827,1.527359836583693,0.12901622536860027,0.0,0.003867251832428022,1.527351446613175,0.12902094900740976,0.0,0.003985775581559614,1.5273430523759117,0.12902567504845364,0.0,0.004092139202058627,1.5273346543532953,0.12903040322070217,0.0,0.004193643580751677,1.52732625283115,0.1290351333632323,0.0,0.8064477915905968,2.7690152197532254e-05,1.5273210079202137,0.12903808630166613,0.0,0.07910293624849064,0.9208970637014471,1.8084501689005872,13.146649754282272,107.76792808737216,1.8084501689005654,13.146648435161094,107.76792957270983,1.8084501689005434,13.14664691337674,107.7679312862493,0.8064368217729243,2.7745800530440832e-05,1.527301229282699,0.12904932469792058,0.0,0.07910339323993257,0.9208966067608839,1.8084501689005652,13.150257283644219,107.8082849300292,1.8084501689005654,13.150255964774637,107.80828641508346,1.8084501689007006,13.150254443280536,107.80828812829604,0.8064148882029971,2.7787958590015782e-05,1.5272863901050802,0.12905775644983622,0.0,0.07910377413372373,0.9208962259189547,1.8084501689005652,13.152965236317371,107.83857835727785,1.8084501689005654,13.152963916986726,107.83857984285112,1.8084501689003796,13.152962394960737,107.83858155666255,0.80638198932091,2.7816276305420478e-05,1.5272764920580373,0.12906338060783007,0.0,0.0791040789324194,0.9208959210640143,1.808450168900783,13.154772147955086,107.85879198456223,1.8084501689005654,13.154770827449784,107.85879347145806,1.80845016890083,13.154769304068674,107.85879518679529,0.8063381159345064,2.7830505232741887e-05,1.5272715395033776,0.12906619469329778,0.0,0.07910430768764318,0.9208956923194404,1.8084501689004049,13.155676443791604,107.86890819528472,1.8084501689005654,13.155675121395573,107.86890968430946,1.808450168900743,13.155673595833257,107.86891140210271
0.012,0.0019429596926758364,1.5273557676294085,0.12901851623643065,0.0,0.002771013350495492,1.5272554597531354,0.12907499060165933,0.0,0.0031352852887395863,1.527154914123818,0.1291315988254367,0.0,0.0033830263867272886,1.5270542476478441,0.1291882750882294,0.0,0.0035745308643903334,1.5269534951780137,0.12924499976754147,0.0,0.003732268626163941,1.5268526748853524,0.12930176262808143,0.0,0.00386726539056482,1.5267517981962921,0.1293585572436284,0.0,0.003986133866539313,1.5266508729691706,0.1294153791855016,0.0,0.004099699867510394,1.526549903533839,0.12947222601976416,0.0,0.004297277327877605,1.526448873826203,0.12952910678525592,0.0,0.7349826540330868,3.1334316659062045e-05,1.526385792537299,0.1295646222035881,0.0,0.07996426037522412,0.920035739574719,1.8084501689005865,13.317835032268388,109.68383556286051,1.8084501689005654,13.317819308844363,109.68385326765384,1.8084501689006016,13.317801169745522,109.68387369247218,0.7348533186557342,3.2938366806546585e-05,1.5261481001124846,0.12969968169885787,0.0,0.07996771718671908,0.9200322828141644,1.8084501689005652,13.362523413216952,110.1837602178669,1.8084501689005654,13.362507728926113,110.18377787863044,1.8084501689006793,13.36248963497095,110.18379825263504,0.7345955411644414,3.461241878849004e-05,1.5259691377959859,0.12980137015928328,0.0,0.07997539279071647,0.9200246072618008,1.8084501689005652,13.396377670742128,110.56248456736866,1.8084501689005654,13.396361928350634,110.56250229358076,1.8084501689003947,13.396343767367163,110.56252274307408,0.7342091753179767,3.616224408433651e-05,1.5258491167473982,0.12986956754388876,0.0,0.0799873669985553,0.9200126329976152,1.8084501689007435,13.419182794989112,110.81760330520642,1.8084501689005654,13.419166895814186,110.81762120797539,1.8084501689008092,13.419148553958957,110.81764186114107,0.7336930251451895,3.717335690527803e-05,1.5257886209388438,0.12990394199174557,0.0,0.080003857856059,0.9199961421509174,1.8084501689004049,13.430708424417524,110.9465394052574,1.8084501689005654,13.430692265797658,110.94655760017201,1.8084501689007415,13.430673624637203,110.94657859036234
0.023000000000000003,0.0019429597011096026,1.5273129966717678,0.12904259655081238,0.0,0.002771013363853615,1.5271270098197693,0.1291473087103837,0.0,0.003135285300386366,1.526940586580857,0.12925226656046018,0.0,0.0033830264026802476,1.5267539437413336,0.12935734805057172,0.0,0.003574531077133065,1.5265671459253265,0.12946251679075832,0.0,0.003732275365525234,1.5263802268514484,0.129567753804963,0.0,0.0038674815211114802,1.5261932076064884,0.1296730472101192,0.0,0.003993425739856481,1.5260061001238039,0.1297783902995514,0.0,0.004316666798929477,1.5258188333620915,0.1298838230666994,0.0,0.0062910088020387694,1.5256307068715715,0.12998973985875306,0.0,0.7163183924036575,6.123956671715716e-05,1.5255128273622458,0.13005610701866527,0.0,0.08077167837109034,0.9192283215789344,1.808450168900587,13.48191759148976,111.52023742806465,1.8084501689005654,13.481888237269152,111.52027048207887,1.8084501689003047,13.481854373162673,111.5203086138267,0.7160789154116989,0.009875479933473931,1.5254690076566928,0.1300574389701397,0.0,0.08078678385841948,0.9192132161424641,1.8084501689005763,13.481885628068133,111.52424695487785,1.8084501689005654,13.481852806660287,111.52428391204023,1.808450168900683,13.481814942731901,111.52432654712096,0.7155979751272318,0.011504344381690408,1.5254306706516592,0.13005743926865443,0.0,0.0808164219677661,0.9191835780847508,1.8084501689005226,13.481467280817094,111.52358909458388,1.8084501689005654,13.48143329102147,111.52362736735994,1.8084501689003958,13.481394079199926,111.52367152017888,0.7148714912494969,0.012266001092242932,1.5254036839535208,0.13005743928622981,0.0,0.08086131889791262,0.9191386810982558,1.8084501689007588,13.481172793427929,111.52312600686055,1.8084501689005654,13.481137630862188,111.52316560018495,1.8084501689008095,13.481097066091872,111.52321127643484,0.7138931775511815,0.012596653841188493,1.5253897029502392,0.13005743932106203,0.0,0.0809229740541129,0.9190770259528712,1.8084501689004047,13.481020225303524,111.52288609025253,1.8084501689005654,13.480983707871848,111.52292720916661,1.8084501689007404,13.480941580080616,111.52297464539035
0.034,0.0019429595149560049,1.5273147435945662,0.12904161035689485,0.0,0.0027710130661250877,1.5271322515341155,0.12914434958341925,0.0,0.0031352870410990097,1.5269493249591417,0.12924733342709338,0.0,0.0033836774610085346,1.5267661763193308,0.1293504422858394,0.0,0.0037291651077547405,1.5265828121761857,0.12945367246555478,0.0,0.00778443386976441,1.52639781847525,0.12955782003125924,0.0,0.012645641419232056,1.526209446871934,0.1296638692368937,0.0,0.014930740849286249,1.5260182966369078,0.12977148271537808,0.0,0.016541560312416177,1.5258256089242486,0.1298799617398716,0.0,0.017812658942307658,1.5256317731870486,0.12998908706136925,0.0,0.7055374386568041,0.00011548275956674009,1.525510507419584,0.1300573570410847,0.0,0.0815352920430333,0.9184647079069995,1.808450168900587,13.482338297416735,111.52495753229644,1.8084501689005654,13.48229557170681,111.52500564178408,1.8084501689002483,13.482246281827365,111.52506114257747,0.7051890685374606,0.010725899444596588,1.525447740862635,0.13005743977494189,0.0,0.08156654104342631,0.9184334589574572,1.8084501689005763,13.481653478444047,111.52388189617858,1.8084501689005654,13.481605091510758,111.5239363802466,1.808450168900683,13.481549270645319,111.52399923498072,0.7044880747392649,0.012519798011540977,1.5253887460623201,0.13005743975470874,0.0,0.08162872405237509,0.9183712760001416,1.8084501689005226,13.481009710029303,111.52286955616198,1.8084501689005654,13.480959112216953,111.52292652969722,1.808450168900396,13.480900740803792,111.52299225636817,0.7034257520646446,0.01336339275482517,1.5253467544133212,0.1300574397997383,0.0,0.08172452769968999,0.9182754722964782,1.8084501689007588,13.480551487692917,111.52214899180098,1.8084501689005654,13.48049847516794,111.52220868432167,1.8084501689008095,13.480437318057493,111.5222775477097,0.7019885064802582,0.013732154169943708,1.5253247787852726,0.13005743987547033,0.0,0.08185876566900267,0.918141234337982,1.8084501689004047,13.480311678198234,111.52177188642092,1.8084501689005654,13.480255712376719,111.5218349043768,1.8084501689007404,13.480191148239676,111.52190760410365
0.045000000000000005,0.003637422968184726,1.5273176057039315,0.12903999615035708,0.0,0.012190305122034372,1.5271380689180938,0.12914106563083763,0.0,0.015441821366781025,1.5269541312730106,0.12924461241982954,0.0,0.01751110519979199,1.5267681592848454,0.1293493043694281,0.0,0.01907091516295173,1.526580779731167,0.12945478865722648,0.0,0.020340709336841352,1.5263922909435534,0.12956089734789897,0.0,0.02142108404572571,1.5262028728168964,0.12966752917609994,0.0,0.022366930087370774,1.5260126474610685,0.12977461540444665,0.0,0.023211642564717548,1.525821704060249,0.12988210582991885,0.0,0.02397715057747777,1.5256301111047719,0.1299899618983296,0.0,0.6979244406301482,0.00014910378977564103,1.525510384398663,0.13005736126217943,0.0,0.08226872764711872,0.9177312723029145,1.808450168900587,13.482336943906455,111.52495592173688,1.8084501689005654,13.482281262544817,111.52501861938865,1.8084501689002472,13.482217026570678,111.52509094960143,0.6974705872079431,0.011376983120626915,1.525426247851307,0.13005744026526864,0.0,0.08232086073334872,0.9176791392675346,1.8084501689005763,13.481418862970775,111.52351295968708,1.8084501689005654,13.481355129033759,111.5235847246022,1.808450168900683,13.481281603325874,111.52366751512838,0.6965556529190621,0.013307099688461941,1.5253455527055142,0.13005744023720625,0.0,0.08242591806000371,0.9175740819925128,1.8084501689005226,13.480538300234278,111.52212825550306,1.8084501689005654,13.480471042527078,111.52220398821116,1.808450168900396,13.480393451674171,111.52229135612265,0.6951647373187869,0.014218983109744869,1.5252875298021613,0.13005744031835798,0.0,0.08259009972286245,0.9174099002733055,1.8084501689007588,13.479905147327703,111.52113260917696,1.8084501689005654,13.47983381021886,111.52121293532343,1.8084501689008095,13.479751513224961,111.52130560238675,0.6932742794320821,0.014620181915684212,1.5252568718414183,0.13005744045299977,0.0,0.0828244177782655,0.9171755822287189,1.8084501689004047,13.47957059260257,111.52060651505575,1.8084501689005654,13.479494058311836,111.52069269326996,1.8084501689007404,13.479405765666401,111.52079211148413
0.05600000000000001,0.012576634512347078,1.5273161686736916,0.1290408020552745,0.0,0.018082165487168875,1.527134782569827,0.12914290640172102,0.0,0.020522866633183184,1.5269503705406742,0.12924671393609957,0.0,0.02219046073448797,1.5267643611741823,0.12935142055561272,0.0,0.02348488270040135,1.5265771845561684,0.12945678417990886,0.0,0.024555119967152886,1.5263890661187445,0.12956267792115198,0.0,0.025474162229225862,1.5262001481880407,0.1296690216689856,0.0,0.026283573666525686,1.5260105300470026,0.1297757595405661,0.0,0.027009425609249287,1.5258202854847418,0.12988285000263883,0.0,0.02766921842530816,1.5256294718214432,0.1299902607917317,0.0,0.6920745293326006,0.00016928536356225138,1.525510264192694,0.1300573638085265,0.0,0.08297368019361695,0.9170263197564159,1.808450168900587,13.482335590051996,111.52495400879734,1.8084501689005654,13.482267356115779,111.5250308407469,1.8084501689002455,13.482188639050817,111.52511947678197,0.6915184730143129,0.011914762476414322,1.525404399932611,0.13005744074636738,0.0,0.08305092742475591,0.9169490725761279,1.8084501689005763,13.481180377529482,111.52313793749086,1.8084501689005654,13.48110153606607,111.52322671359958,1.808450168900683,13.481010581785231,111.52332912883612,0.6903954995246372,0.013961637030386564,1.5253010623581507,0.13005744071445582,0.0,0.08320818061306064,0.9167918194394558,1.8084501689005226,13.48005274427586,111.52136470962985,1.8084501689005654,13.479968817459095,111.52145921188651,1.808450168900396,13.479871996536051,111.52156823300838,0.6886830577210906,0.014933065263724494,1.525226052715655,0.13005744084176313,0.0,0.0834571184721511,0.9165428815240171,1.8084501689007588,13.47923423875409,111.52007759247708,1.8084501689005654,13.479144156073133,111.5201790262853,1.8084501689008095,13.47904023352898,111.52029604388846,0.6863450525742648,0.015363167126182884,1.525186052895085,0.13005744105262115,0.0,0.08381862135343049,0.9161813786535546,1.8084501689004047,13.478797743009736,111.51939119411362,1.8084501689005654,13.478699554330582,111.51950175533965,1.8084501689007404,13.478586280422256,111.51962930265252
0.067,0.01335892220890892,1.5273164231692684,0.12904065594797767,0.0,0.01921161942647061,1.5271354150589174,0.12914254171136874,0.0,0.021802933761782273,1.5269511830106433,0.1292462419626802,0.0,0.023570549485923777,1.5267652467233368,0.1293509013890968,0.0,0.02494033216609344,1.5265780645070035,0.12945626204598773,0.0,0.026071037957360415,1.526389876822682,0.12956218859790566,0.0,0.027040499501125956,1.5262008355737198,0.1296685955511928,0.0,0.027893073871932135,1.526011046745088,0.1297754232558254,0.0,0.028656607302535518,1.525820589094295,0.12988262738585243,0.0,0.029349807397292295,1.525629523772143,0.1299901735246668,0.0,0.6873488797935288,0.0001786343121782514,1.525510151622952,0.13005736518370656,0.0,0.08365175203698187,0.9163482479130466,1.8084501689005856,13.482334312225056,111.5249521303904,1.8084501689005654,13.482253915066503,111.52504265822411,1.808450168900248,13.48216116608112,111.52514709431209,0.6866937629518581,0.0123764658907887,1.5253822483814041,0.13005744121856838,0.0,0.08375783635001437,0.9162421636508683,1.8084501689005763,13.48093858177657,111.52275770968039,1.8084501689005654,13.480844884904839,111.52286321309587,1.8084501689006856,13.480736792903295,111.5229849255409,0.6853684379894468,0.014526990332631537,1.5252553988216588,0.13005744118645357,0.0,0.0839756902319254,0.9160243098205914,1.8084501689005226,13.479554393761447,111.52058104398819,1.8084501689005654,13.47945381906321,111.52069429189048,1.808450168900396,13.47933779255948,111.52082493864744,0.6833413529262613,0.015552099166903598,1.5251624953645055,0.1300574413695847,0.0,0.08432471688067439,0.9156752831154936,1.8084501689007588,13.47854064261542,111.5189868990647,1.8084501689005654,13.478431434529597,111.5191098682294,1.8084501689008095,13.478305448246775,111.51925172977607,0.6805614037057098,0.01600877283000268,1.525112510931632,0.13005744167417377,0.0,0.08484004416610527,0.9151599558408804,1.8084501689004047,13.477995193655477,111.5181291696648,1.8084501689005654,13.477874288408584,111.51826530992498,1.8084501689007404,13.477734807869988,111.51842236610993
0.07800000000000001,0.01395386599837243,1.5273166297648764,0.1290405368056442,-8.982078154079737e-16,0.020075662553851424,1.5271359320398699,0.12914224203783775,-2.8485441775946227e-15,0.022786728102412977,1.5269518543289828,0.12924584942212022,-5.233668887146105e-15,0.024636033136125616,1.526765985170689,0.12935046497838787,-8.317829195807434e-15,0.026069072434945717,1.5265788039300847,0.1294558189350923,-1.0418601093177807e-14,0.02725193503190427,1.5263905621814322,0.1295617697143131,-4.7768656840748845e-15,0.028266057542936093,1.5262014188771489,0.12966822786282295,-7.105626154882977e-15,0.029157856512687392,1.526011484934279,0.129775130960177,-1.7434390810864558e-14,0.02995647425975978,1.5258208427809203,0.12988243261859242,-1.9547750111418396e-14,0.030681491041548683,1.5256295564171005,0.12999009682126672,-4.2401433681545524e-13,0.6834025109391849,0.00018599398659329626,1.5255100386704468,0.1300573664374668,-4.07154962533235e-13,0.08430443065434737,0.9156955692956811,1.8084501689005856,13.482333029970956,111.52495022516334,1.8084501689005654,13.482240838687723,111.5250540332743,1.808450168900248,13.48213448358594,111.52517378995651,0.6826513443051392,0.012783477356443581,1.5253598020108745,0.13005744168227218,-3.441112044477963e-13,0.0844426246946323,0.9155573753062506,1.8084501689005763,13.480693571977001,111.52237242764672,1.8084501689005654,13.48058527768216,111.52249436787558,1.8084501689006856,13.4804603455807,111.52263504240572,0.6811291495105509,0.015027989488011059,1.5252086226758221,0.13005744165320543,-2.8905547653307975e-13,0.08472864994034797,0.9152713501121693,1.8084501689005226,13.479043910354564,111.51977829906868,1.8084501689005654,13.478926731123972,111.51991024380517,1.808450168900396,13.478791549048626,111.52006245988663,0.6787941224593067,0.016102494898109245,1.5250969522656297,0.13005744190145493,-2.512742904307704e-13,0.08519210058682379,0.9148078994093441,1.8084501689007588,13.477825391690576,111.5178621530151,1.8084501689005654,13.477696711424711,111.51800704800789,1.8084501689008095,13.477548261351195,111.51817420395979,0.6755777668503727,0.016584067094197606,1.5250363502894633,0.13005744231745844,-2.3218230879746016e-13,0.0858873655098979,0.9141126344970876,1.8084501689004047,13.477164085063754,111.51682223521493,1.8084501689005654,13.47701941861474,111.51698513077585,1.8084501689007404,13.476852526318961,111.51717305281525
0.08900000000000001,0.01445908944122946,1.52731680833458,0.12904043343449648,-8.991210151071677e-16,0.020810356635401914,1.5271363798072448,0.12914198130345855,-2.8527827443798296e-15,0.023623841053035975,1.5269524371344063,0.12924550665613696,-5.2424565886985485e-15,0.02554320640154466,1.526766627181808,0.12935008276776636,-8.340397028810937e-15,0.027030650558731523,1.526579447139149,0.12945542985993416,-1.0438480997687957e-14,0.028258496495068734,1.526391157982555,0.12956140107643127,-4.7864178970252305e-15,0.029311240575076693,1.5262019246256795,0.12966790361734085,-7.120460303601322e-15,0.030237045210132908,1.5260118621550958,0.12977487272141494,-1.7472308815261456e-14,0.03106615010773035,1.5258210561018404,0.12988226025886446,-1.9591971238313173e-14,0.03181887370551032,1.525629572876636,0.12999002885952127,-4.249937508553296e-13,0.6800278174006799,0.00019223268713067573,1.525509925124422,0.13005736762131817,-4.063253415916151e-13,0.08493309831463822,0.9150669016353901,1.8084501689005856,13.482331741711256,111.52494829786009,1.8084501689005654,13.48222810988086,111.52506498811726,1.808450168900248,13.482108556562116,111.52519960609571,0.6791834861877025,0.013148926992342713,1.5253370811109463,0.13005744213764753,-3.4554595898869405e-13,0.08510627382314964,0.9148937261777337,1.8084501689005763,13.480445569617645,111.52198243969173,1.8084501689005654,13.480322938225187,111.52212052360542,1.8084501689006856,13.48018146634445,111.5222798220573,0.6774697045027809,0.015480010005400948,1.52516079521861,0.13005744211465162,-2.904631818822878e-13,0.08546728176371865,0.9145327182887989,1.8084501689005226,13.47852196351218,111.5189575276124,1.8084501689005654,13.478388240303993,111.51910810099795,1.808450168900396,13.478233972515124,111.51928180774316,0.6748332575763013,0.016600636957153296,1.5250295110271395,0.13005744243694792,-2.5260706893785845e-13,0.08605854235901243,0.9139414576371557,1.8084501689007588,13.477089443317876,111.51670485976682,1.8084501689005654,13.476940972381485,111.51687203921048,1.8084501689008095,13.476769691095468,111.51706490328746,0.6711859646078254,0.017105849622269784,1.5249576648795522,0.13005744298218638,-2.336298087017714e-13,0.08695928071207723,0.9130407192949085,1.8084501689004047,13.476305443944725,111.51547200529012,1.8084501689005654,13.476135986153144,111.515662816098,1.8084501689007404,13.475940493693994,111.5158829421466
0.1,0.01490186110162206,1.527316966881353,0.12904034132889225,-8.998852381946393e-16,0.02145480080270019,1.5271367779149176,0.1291417485001723,-2.856293847750732e-15,0.024358414452226664,1.5269529560674684,0.129245199794661,-5.249521024009383e-15,0.026339492138902652,1.5267671992479168,0.12934973984762463,-8.352225344440183e-15,0.027874901117780453,1.526580020241449,0.12945508012994042,-1.0453901144559774e-14,0.02914243828310402,1.5263916882464732,0.12956106917183433,-4.793774264677299e-15,0.03022928618429069,1.526202373387916,0.1296676112493257,-7.13187183405944e-15,0.03118513966101005,1.5260121943962162,0.12977463955659213,-1.7501602431219864e-14,0.03204120143988515,1.525821239513579,0.12988210444261658,-1.9626428570636205e-14,0.03281843759612556,1.5256295772567405,0.12998996735556156,-4.257332861592329e-13,0.6770901141920611,0.00019767868294305374,1.5255098110082672,0.13005736875287474,-4.032195029580113e-13,0.0855390413980767,0.9144609585519515,1.8084501689005856,13.482330447985444,111.52494635265425,1.8084501689005654,13.482215714572305,111.52507554338104,1.808450168900248,13.482083354077863,111.52522458234019,0.6761553839589666,0.013481585731019766,1.5253141029867279,0.1300574425849525,-3.467902611141471e-13,0.08574971297947638,0.9142502870214063,1.8084501689005763,13.480194763587187,111.52158804285372,1.8084501689005654,13.480058055360818,111.52174197739326,1.8084501689006856,13.479900343950147,111.52191956168373,0.6742551069004217,0.01589333472786532,1.5251119673745834,0.13005744257080634,-2.91756553881629e-13,0.08619182356478021,0.9138081764877367,1.8084501689005226,13.477989109451501,111.51811960428778,1.8084501689005654,13.477838916541286,111.51828872268752,1.808450168900396,13.477665648725797,111.51848382361233,0.6713235859060609,0.01705748310170095,1.5249602438971566,0.13005744297570576,-2.542770780956175e-13,0.08692337848533996,0.9130766215108284,1.8084501689007588,13.47633358718217,111.51551626112003,1.8084501689005654,13.476165031994281,111.51570605558904,1.8084501689008095,13.475970580810445,111.51592500915343,0.6672507532414074,0.01758535336850006,1.5248765310911863,0.13005744366809938,-2.352532576759502e-13,0.08805450682378517,0.9119454931832005,1.8084501689004047,13.475420105791752,111.51407979372426,1.8084501689005654,13.475224839216864,111.51429966542541,1.8084501689007404,13.474999572838977,111.514553317141
0.2,0.01756653080862275,1.5273179675886879,0.12903975180990054,-9.048466444936088e-16,0.025343170318026843,1.5271392980040375,0.12914024990132703,-2.8796409995453666e-15,0.028795154112546916,1.5269562539262858,0.1292432074622688,-5.2987970561574686e-15,0.031152252826875827,1.5267708395954118,0.1293474976747714,-8.437657029957135e-15,0.0329802872911431,1.5265836613272175,0.1294527796598331,-1.0567740096422927e-14,0.034490249490655815,1.526395037516548,0.12955887441239095,-4.8486230784489935e-15,0.03578561135170438,1.526205169386078,0.12966566880409244,-7.216865047772102e-15,0.03692536048536483,1.5260141973436863,0.1297730838963324,-1.7717540005783954e-14,0.03794653941702663,1.5258222257096643,0.12988106104058883,-1.9876135469394158e-14,0.038874041477442445,1.5256293354462924,0.1299895547200525,-4.312948401177001e-13,0.6606841311629054,0.00022993660493175004,1.5255087526504343,0.13005737769626355,-4.073428615377604e-13,0.09018385724133449,0.9098161427086939,1.8084501689005859,13.482318503869742,111.52492815591943,1.8084501689005654,13.482116241640579,111.52515590478238,1.808450168900248,13.481882904830256,111.52541864386845,0.6590368239394786,0.01567077796377544,1.5250954104148733,0.13005744632090335,-3.555669689159661e-13,0.09080684413735099,0.9091931558635316,1.8084501689005763,13.477807915806434,111.51783468118886,1.8084501689005654,13.477554621453026,111.51811989262562,1.8084501689006856,13.477262412192097,111.51844892255471,0.6556457248498124,0.0186612272809249,1.5246280752504344,0.13005744647754358,-3.0167306516853637e-13,0.09217719464675458,0.9078228054057624,1.8084501689005226,13.472708964782894,111.50981647258693,1.8084501689005654,13.472413819652372,111.51014880832831,1.808450168900396,13.472073329865308,111.51053220251008,0.6502946482246635,0.02015300135767409,1.5242551503831854,0.13005744796681423,-2.6480526769764093e-13,0.09462684111663075,0.9053731588795381,1.8084501689007588,13.468640449807465,111.50341864936024,1.8084501689005654,13.46827909293789,111.50382554004125,1.8084501689008095,13.467862218963523,111.50429494341947,0.6425878645127447,0.020862166199380743,1.5240353004031395,0.13005745082214226,-2.4410641366527903e-13,0.09887878042400983,0.9011212195829755,1.8084501689004047,13.4662417720661,111.4996466831824,1.8084501689005654,13.465767056915176,111.50018121618096,1.8084501689007404,13.46521940884669,111.50079787221907
0.34444444444444444,0.019791837014066668,1.527318879945943,0.12903919981217674,-9.092496658407752e-16,0.02860342425969778,1.527141607521729,0.12913883218318778,-2.90065794625544e-15,0.03252099742244718,1.5269592969484884,0.12924129389647623,-5.344108727131035e-15,0.03519791653452123,1.526774205299579,0.1293453175191004,-8.516691342431802e-15,0.03727520009680466,1.5265870156762729,0.12945051947000707,-1.0672680235275017e-14,0.03899191145757695,1.526398086534894,0.1295566984691688,-4.898733746085202e-15,0.040465301389861985,1.5262076441912187,0.12966372743813975,-7.2992196957661e-15,0.04176221986824009,1.5260158463734532,0.1297715178125147,-1.791007974219969e-14,0.042924651454327264,1.5258228101039781,0.12988000388526236,-2.009590571811537e-14,0.043980813895948774,1.5256286260603757,0.12998913474282736,-4.361790050701141e-13,0.6495171186896593,0.00025617223166299693,1.525507176143015,0.13005738846651194,-4.1294186087046487e-13,0.09497192606490394,0.9050280738851245,1.8084501689005898,13.482300859810831,111.52490092382305,1.8084501689005654,13.482003868361812,111.5252353385336,1.808450168900248,13.481661248596893,111.5256211310872,0.647098899985143,0.01767463256096352,1.524756378647628,0.13005745090065457,-3.6414672930292705e-13,0.09625753766868446,0.9037424623321982,1.8084501689005763,13.474108208549458,111.51201682010381,1.8084501689005654,13.473717208233253,111.51245708953918,1.8084501689006856,13.47326613653788,111.51296499982058,0.6420526187798811,0.021272791031317635,1.523826134126602,0.13005745141337868,-3.116338930842939e-13,0.09921669233664579,0.9007833077158707,1.8084501689005226,13.463960315505874,111.4960590448852,1.8084501689005654,13.463474291140221,111.4966063121486,1.8084501689003967,13.462913596364482,111.49723765888183,0.6338819709361997,0.023135505700003434,1.5230321838307237,0.13005745520181905,-2.7501262523673027e-13,0.1049419905366698,0.8950580094594994,1.8084501689007573,13.455301057539186,111.48244218518407,1.8084501689005654,13.454643321977436,111.48318280060658,1.8084501689008077,13.453884535135966,111.48403720056591,0.6215829876125581,0.024071066166182657,1.5225267954534156,0.1300574637030186,-2.543857747343429e-13,0.11619202362863987,0.8838079763779992,1.8084501689004047,13.449788846332375,111.4737741306658,1.8084501689005654,13.448779406975554,111.47491076733141,1.8084501689007395,13.447614882285448,111.47622203130368
0.48888888888888893,0.02132368147514113,1.5273195617240285,0.12903877712987843,-9.12225852338006e-16,0.03085480081350517,1.5271433405126424,0.1291377372435479,-2.9150085240152897e-15,0.035097133697106535,1.5269615935880883,0.12923979693019477,-5.3751194825505314e-15,0.037997485102855603,1.5267767491546869,0.129343594356903,-8.571352082368157e-15,0.04024912711614569,1.5265895417382478,0.12944871758667018,-1.0746161288013888e-14,0.04211063406348959,1.526400356260785,0.12955495075503273,-4.93418829355516e-15,0.04370883493284019,1.5262094353585334,0.12966215779625045,-7.35397387909113e-15,0.04511604591372142,1.5260169478235024,0.1297702440583257,-1.804803907325291e-14,0.04637768796796754,1.5258230186289627,0.12987913946358803,-2.0253773707505776e-14,0.04752429068955954,1.5256277443936352,0.1299887898361557,-4.3977611371567923e-13,0.6433122935553197,0.00027386609237086166,1.525505559524531,0.13005739795132967,-4.148223071152812e-13,0.09838716032468936,0.9016128396253397,1.8084501689005898,13.482282886865969,111.52487300140287,1.8084501689005654,13.481915532214362,111.52528664563367,1.808450168900248,13.481491738988025,111.52576384014411,0.64032163680029,0.0191170103046297,1.5243984054764106,0.13005745483518424,-3.706084298682923e-13,0.10029908293841505,0.8997009170624676,1.8084501689005763,13.470202402138973,111.50587486168939,1.8084501689005654,13.46970060929465,111.50643988438397,1.8084501689006856,13.469121723448179,111.5070917144061,0.634017046855121,0.023199982463379083,1.5229292718659162,0.13005745565837074,-3.1154151584419586e-13,0.10484124690582178,0.8951587531466949,1.8084501689005226,13.454178927389362,111.48067761179936,1.8084501689005654,13.453523636514246,111.48141547448547,1.8084501689003967,13.452767669949127,111.4822666987914,0.6236024339936787,0.025375418958442097,1.5216084867273105,0.13005746219375025,-2.826349771427824e-13,0.11414273529155872,0.88585726470461,1.8084501689007573,13.439778761430503,111.45803305735866,1.8084501689005654,13.438818982489298,111.45911377600518,1.8084501689008077,13.437711747798554,111.46036053098697,0.6073381132634451,0.0265169510973895,1.520714616153782,0.13005747896962766,-2.62364912372702e-13,0.13419618331502933,0.8658038166916099,1.8084501689004047,13.430033759995135,111.44270886242026,1.8084501689005654,13.42835422909827,111.44460002743726,1.8084501689007395,13.426416663276234,111.44678174181215
0.6333333333333333,0.02251600563602126,1.5273201293018361,0.129038418359654,-9.144778605591202e-16,0.0326112322877448,1.5271447878023192,0.12913680177276457,-2.9257876705338306e-15,0.03710878500600244,1.5269635201846787,0.12923850552945515,-5.397843112610187e-15,0.04018491423133041,1.526778885367622,0.1293420963173468,-8.610492368628413e-15,0.04257384603916638,1.5265916566204092,0.12944714103498733,-1.0797776682441982e-14,0.04454945042548111,1.526402238462199,0.1295534131284171,-4.958734594541541e-15,0.04624606679111058,1.5262108853680965,0.12966077008572016,-7.391531347022485e-15,0.047740298358440104,1.5260177739612422,0.12976911300006816,-1.8142302497196004e-14,0.04908026170761977,1.5258230346793897,0.12987836883260348,-2.0361953288192147e-14,0.050298300264859715,1.525626768081962,0.1299884812789299,-4.4203463994150707e-13,0.6392587774137456,0.0002874299877034158,1.5255039114877926,0.13005740667770296,-4.074061136299114e-13,0.10096176748527862,0.8990382324647503,1.8084501689005898,13.48226464362393,111.52484456071969,1.8084501689005654,13.481842703942718,111.52531966812371,1.808450168900248,13.481355939509385,111.52586776870915,0.6358241545066813,0.020265104180589945,1.5240267642954295,0.13005745835696328,-3.7561318022472106e-13,0.10343438014419765,0.8965656198566851,1.8084501689005763,13.466148043500556,111.49949930057929,1.8084501689005654,13.465554663093712,111.50016745159046,1.8084501689006856,13.464870118618899,111.50093825406016,0.6285260079484959,0.024762338477568143,1.521955533555771,0.13005745937179006,-3.1740386675685233e-13,0.10944930531937999,0.8905506947331362,1.8084501689005226,13.443562339424242,111.46398280822117,1.8084501689005654,13.442756308422053,111.46489040547728,1.8084501689003967,13.441826442752921,111.46593744154372,0.6162743551912833,0.027215276875587235,1.5200131930590695,0.13005746882883282,-2.888777090464683e-13,0.1223107800115283,0.877689219984641,1.8084501689007573,13.422393858429302,111.43069493988322,1.8084501689005654,13.421134621417957,111.43211285067468,1.8084501689008077,13.419681921381649,111.43374860235605,0.5965354547703526,0.028549656279875664,1.51863052578269,0.1300574960583819,-2.6927186650048585e-13,0.15214449172086414,0.8478555082857756,1.8084501689004047,13.40732801692066,111.40700362513465,1.8084501689005654,13.404861758669583,111.4097806513478,1.8084501689007395,13.402016596544662,111.41298432630721
0.7777777777777779,0.023502295264304057,1.527320627070539,0.129038098582361,-9.162955599773208e-16,0.03406688565476406,1.527146060420962,0.12913596352037057,-2.934480465223426e-15,0.038777228976561065,1.5269652205729276,0.129237339225622,-5.4159678566705525e-15,0.042000055150636484,1.526780772406621,0.1293407349792823,-8.641647808339905e-15,0.04450365518755141,1.5265935200841374,0.12944570097847916,-1.0839188642153351e-14,0.04657462404799976,1.526403883423204,0.12955200242302645,-4.9787594530323274e-15,0.048353549999393314,1.5262121258989274,0.12965949196804408,-7.422869322805594e-15,0.049920603584855484,1.5260184298905357,0.12976806763071336,-1.8222942809655298e-14,0.051326144725946626,1.5258229296814032,0.12987765433039444,-2.0456791467308483e-14,0.052604026545434376,1.5256257284497048,0.12998819438471612,-4.440790766716985e-13,0.6363609714656511,0.0002985141706720503,1.5255022372609595,0.13005741490521439,-4.0529512959186715e-13,0.10298542512707658,0.8970145748229524,1.8084501689005898,13.482246164776937,111.52481569296795,1.8084501689005654,13.481780389245692,111.52534015988435,1.808450168900248,13.481243054236396,111.5259452033366,0.6325698819295847,0.02122802889745222,1.523644663930016,0.13005746161089435,-3.8067532083267334e-13,0.10595460914426626,0.8940453908566166,1.8084501689005763,13.461980152716777,111.49294520703647,1.8084501689005654,13.46130920352056,111.49370070111458,1.8084501689006856,13.460535172966548,111.49457226561378,0.6244625544563269,0.0260923633531945,1.5209165240026659,0.13005746268167104,-3.2406342714499135e-13,0.11331311789387027,0.8866868821586447,1.8084501689005226,13.432237745500458,111.44617464960189,1.8084501689005654,13.431296191021408,111.4472348473583,1.808450168900397,13.430209980710675,111.44845792872141,0.6106700553039341,0.028798649266464967,1.5182656068804254,0.13005747508892232,-2.9662471843821713e-13,0.1295970833700884,0.8704029166260816,1.8084501689007573,13.403359302821999,111.40076270808665,1.8084501689005654,13.401806599256052,111.40251106452673,1.8084501689008077,13.400015345897478,111.40452802991356,0.5878440992373775,0.030316563405096714,1.5162958888019606,0.13005751454374026,-2.76740939821277e-13,0.16970546022363314,0.8302945397830056,1.8084501689004047,13.381909864617164,111.36703306765926,1.8084501689005654,13.37855505142342,111.37081061373193,1.8084501689007395,13.374684821114434,111.37516852353741
0.9222222222222223,0.024348870347178024,1.5273210771736716,0.12903780537701226,-9.17949471046695e-16,0.03531833761657171,1.527147213779104,0.1291351914539891,-2.942561258800995e-15,0.04021256464129968,1.526966766551153,0.12923625792012436,-5.433556137940244e-15,0.04356226739158307,1.5267824893956543,0.12933946630331722,-8.673066061763602e-15,0.04616511296737645,1.5265952119358213,0.12944435319462785,-1.0882355096789562e-14,0.048318671474754084,1.5264053662783212,0.1295506772621161,-5.000230327472889e-15,0.05016892130753089,1.5262132228847274,0.1296582874744826,-7.457293440525637e-15,0.051799110390784685,1.5260189683975578,0.12976707962254103,-1.8313377639192087e-14,0.053261534065868296,1.5258227397639588,0.12987697725617275,-2.0564975897841998e-14,0.05459134804847011,1.5256246418007182,0.12998792187229594,-4.465675718552054e-13,0.6341638914720253,0.00030793065893846384,1.5255005402422914,0.13005742278310217,-4.182693810576763e-13,0.10462818676303313,0.8953718131869959,1.8084501689005898,13.482227473273655,111.52478645374529,1.8084501689005654,13.481725508511346,111.52535167002091,1.808450168900248,13.481146424334254,111.52600372336495,0.6300785654690639,0.02206234963586409,1.5232541700408315,0.13005746468960677,-3.8672194902224496e-13,0.1080382953186755,0.8919617046822366,1.8084501689005763,13.457721277153112,111.48624803751879,1.8084501689005654,13.456983275786156,111.48707903286746,1.808450168900686,13.45613189149374,111.48803769828433,0.6212954609521045,0.027259718848590738,1.5198200791662404,0.13005746568499213,-3.3506435328000345e-13,0.11661859437380931,0.8833814056785884,1.8084501689005226,13.420291170305262,111.4273884118181,1.8084501689005654,13.419226498706164,111.42858724041635,1.8084501689003973,13.417998256163399,111.42997025118858,0.6061840378334921,0.03020188751299219,1.5163788154866413,0.130057480995944,-3.1259980135941816e-13,0.13614866747012602,0.8638513325260728,1.8084501689007233,13.382820178800088,111.36846451013125,1.8084501689005654,13.38098112153103,111.37053530308789,1.8084501689008028,13.378859520486634,111.37292424256601,0.5805813574499381,0.03189670732043209,1.5137248536497974,0.1300575341108344,-2.870440303502847e-13,0.18674906085035511,0.8132509391562832,1.8084501689004124,13.353939051401873,111.32304839735778,1.8084501689005654,13.349605175849245,111.32792837534647,1.8084501689007395,13.344605464824088,111.33355808932768
1.0666666666666667,0.025093834375324753,1.5273214924591914,0.12903753151254252,-9.193850015492089e-16,0.036421130235106645,1.5271482800749983,0.12913446747001253,-2.949541571411977e-15,0.041478134088605186,1.526968199887946,0.1292352381702926,-5.448497517381032e-15,0.044940236714578294,1.5267840823879217,0.12933826449889577,-8.699182673825514e-15,0.04763106054520231,1.526596778621377,0.12944307174771344,-1.0917276783234691e-14,0.049857874143662384,1.5264067307184552,0.12954941334658504,-5.016629730344833e-15,0.05177141944200826,1.5262142145902955,0.12965713545474433,-7.483383124310137e-15,0.05345766423654732,1.526019419986659,0.1297661322957979,-1.83796852111807e-14,0.054970614583460566,1.525822485589153,0.12987632657963313,-2.0641946582326408e-14,0.05634657765091843,1.525623517070724,0.12998765942793072,-4.4826706587156287e-13,0.6324270786634278,0.0003161427861576361,1.525498821663113,0.1300574304088306,-4.1742681707231404e-13,0.1059961221231403,0.8940038778268884,1.8084501689005898,13.48220857328795,111.52475686110112,1.8084501689005654,13.4816760596138,111.52535647569202,1.808450168900248,13.481061733139233,111.52604821214051,0.6280934094447811,0.022801596400150365,1.5228564116103422,0.13005746765474951,-3.8942870554242524e-13,0.1098004653516912,0.8901995346492209,1.8084501689005763,13.453383745237224,111.4794271788931,1.8084501689005654,13.452586789314598,111.4803245575384,1.808450168900686,13.451667392975878,111.48135980505648,0.6187342715975245,0.028306203197212446,1.5186710142500988,0.13005746845706193,-3.42104182552421e-13,0.1194950572582114,0.8805049427941863,1.8084501689005226,13.407775654600853,111.40770750267819,1.8084501689005654,13.406598028548956,111.40903351888699,1.8084501689003973,13.405239477781272,111.41056325775062,0.6024746245706861,0.03147131306154506,1.514360697533609,0.13005748659267935,-3.1913357571553987e-13,0.14209048257888598,0.8579095174173123,1.8084501689007233,13.360864752861676,111.33393914697102,1.8084501689005654,13.358746507966234,111.33632430740542,1.8084501689008028,13.356302826269314,111.3390759122413,0.574347526774799,0.03333852851240416,1.5109249982432924,0.13005755453796108,-2.9485272712518003e-13,0.20324044436214794,0.7967595556444897,1.8084501689004124,13.323503941092296,111.27518856799387,1.8084501689005654,13.318109036046687,111.28126327356262,1.8084501689007395,13.311885284135387,111.28827126722976
1.2111111111111112,0.025761156455343822,1.5273218809450728,0.12903727253387248,-9.209310413150053e-16,0.037410228142378946,1.5271492793492047,0.12913378047850502,-2.9574056573865627e-15,0.042613821945003696,1.5269695465377662,0.1292342657161056,-5.508043664075665e-15,0.04617721831754131,1.526785580009342,0.1293371139754894,-8.734234085353608e-15,0.04894737395680231,1.5265982490887433,0.12944184104990125,-1.0966995681260296e-14,0.051240277594941715,1.5264080041418882,0.12954819615354413,-5.0417240610716875e-15,0.053210954544084074,1.5262151252992762,0.1296560233391765,-7.52365840052584e-15,0.054947818494785326,1.526019804478353,0.12976521579953643,-1.8484442876307032e-14,0.05650641400751527,1.5258221813281647,0.12987569584190087,-2.0764989771945284e-14,0.05792408386470684,1.5256223617219076,0.12998740458635383,-4.5127018854709955e-13,0.6310104969706791,0.0003234402797428178,1.5254970847515554,0.13005743783840074,-4.463770422215519e-13,0.10715878034600586,0.8928412196040231,1.8084501689005898,13.482189493730688,111.5247269676064,1.8084501689005654,13.481630719135504,111.5253561522012,1.808450168900248,13.480986097140233,111.52608200164457,0.6264633681313726,0.023467325027328765,1.522452727643319,0.13005747054688666,-3.931214173813436e-13,0.11131844995826393,0.8886815500426489,1.8084501689005763,13.448982177407817,111.47250562219592,1.8084501689005654,13.448132648987771,111.4734621978884,1.808450168900686,13.447152603169622,111.47456573719856,0.61660487363886,0.029258927179109617,1.5174741224618955,0.1300574710501631,-3.4717888095806457e-13,0.12203459254087196,0.877965407511525,1.8084501689005226,13.394743989689115,111.38721493777922,1.8084501689005654,13.393461808714832,111.3886586836577,1.8084501689003973,13.391982639716272,111.3903242396013,0.5993313556451155,0.03263725116365144,1.5122186190627156,0.13005749190938207,-3.2520864811397313e-13,0.1475242002925369,0.8524757997036599,1.8084501689007233,13.337575778053289,111.29731674973362,1.8084501689005654,13.335185078800844,111.30000869592696,1.8084501689008028,13.332427084188462,111.30311421958515,0.5688879583322887,0.03467409109636721,1.5079028383115598,0.1300575756300289,-3.0109001577321113e-13,0.21918900325762666,0.7808109967490126,1.8084501689004124,13.290681770958525,111.22357503673663,1.8084501689005654,13.284150245300859,111.23092958607681,1.8084501689007395,13.276615247935014,111.23941405245895
1.3555555555555556,0.026367031420187988,1.5273222480302389,0.12903702542904388,-9.220590238893931e-16,0.03830927529125264,1.527150225139644,0.12913312295278026,-2.962846188176755e-15,0.043646608623676746,1.5269708240491708,0.12923333086013772,-5.519442193085085e-15,0.047302479829482644,1.526787001617924,0.12933600411526575,-8.753506669355095e-15,0.05014510037420961,1.5265996429070503,0.129440650471205,-1.0992255341680414e-14,0.05249840294599819,1.526409205054445,0.12954701576534358,-5.053725199111955e-15,0.0545213152338763,1.5262159713882697,0.12965494252867626,-7.542083709708763e-15,0.05630447940790646,1.5260201352019298,0.12976432337556704,-1.8530949951919124e-14,0.057904841864488646,1.5258218364560108,0.12987508058505842,-2.0818684878236233e-14,0.05936068906288086,1.5256211806550195,0.12998715559997234,-4.5237839600291815e-13,0.629826681303329,0.00033001797003820096,1.5254953313846882,0.13005744511249778,-4.396646980953708e-13,0.10816366132306927,0.8918363386269592,1.8084501689005898,13.482170250650679,111.52469680320604,1.8084501689005654,13.481588559111552,111.52535179246023,1.808450168900248,13.48091749932499,111.52610741106486,0.625093292236878,0.024074366861288565,1.5220439788547213,0.13005747339417206,-3.953939883084632e-13,0.11264614707095975,0.887353852929954,1.8084501689005763,13.444525972290783,111.46549814704241,1.8084501689005654,13.443629004801538,111.4665081394975,1.808450168900686,13.442594231607917,111.46767330226187,0.6147957962182128,0.03013669712053198,1.5162327993870466,0.13005747350610228,-3.505686663494905e-13,0.12430435300720676,0.8756956470451269,1.8084501689005226,13.381233679524001,111.36596969293801,1.8084501689005654,13.379853956006091,111.36752327247943,1.8084501689003962,13.378262258505899,111.36931553639685,0.596616289196199,0.0337209286845716,1.5099575393717197,0.13005749698158772,-3.276362754965106e-13,0.1525315265617523,0.8474684734344451,1.8084501689007348,13.313009729762712,111.25868612721005,1.8084501689005654,13.310352674568186,111.26167799227413,1.8084501689007983,13.307287402391337,111.2651295128798,0.5640305533700433,0.03592611476318604,1.5046615724017356,0.13005759724301688,-3.0565292822182586e-13,0.23462366354271152,0.7653763364639253,1.8084501689004127,13.255513879976222,111.1682728099084,1.8084501689005654,13.247774860810239,111.17698700642293,1.8084501689007395,13.23884685653547,111.18704000953996
1.5,0.02692297597794545,1.5273225977890128,0.12903678787666403,-9.231194891100698e-16,0.03913509750996794,1.5271511276648133,0.12913248906270214,-2.9680113496727462e-15,0.04459569922405805,1.5269720457175502,0.12923242599964982,-5.5304742221251575e-15,0.04833685768083974,1.5267883618891982,0.12933492650335254,-8.772515968051125e-15,0.05124634562848667,1.526600974861124,0.12943949150400866,-1.1186663515064022e-14,0.053655407546567814,1.5264103473060127,0.12954586417271813,-5.066000885252152e-15,0.05572656318910696,1.5262167648723701,0.12965388602166908,-7.561259513271703e-15,0.057552506120788126,1.526020421538646,0.12976344948225108,-1.8580159104044822e-14,0.05919147325177385,1.5258214569955848,0.1298744771374271,-2.087639434143851e-14,0.06068261982708241,1.5256199758671058,0.1299869110447593,-4.5362486374662406e-13,0.6288179918674393,0.0003360136937325924,1.5254935609450617,0.13005745226781948,-4.3886943862085796e-13,0.10904433719385313,0.8909556627561754,1.8084501689005745,13.482150834105687,111.524666355532,1.8084501689005654,13.481548890396013,111.5253441488897,1.808450168900248,13.480854466994321,111.52612607510893,0.6239200139986627,0.024633403240844804,1.5216303107043232,0.1300574762188893,-3.9767793629999514e-13,0.1138223148762792,0.8861776851246347,1.8084501689005796,13.440016731287784,111.45840727170284,1.8084501689005654,13.439076527294848,111.45946594880346,1.8084501689006818,13.437991874951834,111.46068727588386,0.6132319937994407,0.03095317579774507,1.5149481295530682,0.13005747586092611,-3.5511454575413527e-13,0.12635448519504744,0.8736455148572861,1.8084501689115735,13.367257065189108,111.34399117536022,1.8084501689005654,13.365785709592995,111.34564793334908,1.8084501689068784,13.364088302108316,111.34755922754475,0.5942346373507271,0.03473794126404049,1.5075780869153936,0.13005750185401038,-3.0748322223384206e-13,0.15717834355027782,0.8428216564419382,1.8084501689007348,13.287176096163963,111.21806219982135,1.8084501689005654,13.284258072864601,111.22134791703728,1.8084501689193788,13.280891738715408,111.2251384358008,0.559653699586262,0.03711156092869384,1.50119808853348,0.13005761928795506,-3.6075250125977177e-13,0.24958151821183372,0.7504184819055602,1.8084501689032162,13.21797360956666,111.1092399664321,1.8084501689005654,13.208959591809029,111.11938982141702,1.808450168892433,13.198560704382187,111.131099050556
1.8,0.027952322292648428,1.527323280094166,0.1290363188419669,-9.251621483306929e-16,0.040666338160907596,1.5271528920680766,0.12913123267786233,-2.9780589898161815e-15,0.046356588659167135,1.526974441062911,0.12923062288670786,-5.552353832365866e-15,0.05025677579589404,1.5267910313406372,0.1293327701018646,-8.810593647588723e-15,0.053291038158618034,1.5266035844115866,0.12943716423094107,-1.1238345320455232e-14,0.055804215381175325,1.5264125711937555,0.1295435447772167,-5.0904861746878575e-15,0.057965506699556406,1.5262182798055668,0.12965175248541858,-7.599126509231291e-15,0.059871420574191224,1.5260209037624703,0.12976168048700173,-1.8676101948906164e-14,0.061582594017582794,1.5258205805784335,0.12987325292003185,-2.0987010316837768e-14,0.06313979816515976,1.5256174116005157,0.1299864139449657,-4.560646896129924e-13,0.6271236627715873,0.0003470145868037782,1.525489837673617,0.13005746682317854,-4.377891156569723e-13,0.11057551378916243,0.8894244861608666,1.8084501689005745,13.482110034566592,111.52460235000287,1.8084501689005654,13.481472505725863,111.52532021249837,1.808450168900248,13.480737030067356,111.52614836388209,0.6219365117767116,0.025673213848666845,1.5207583436618388,0.13005748206976267,-4.032257930175645e-13,0.1158970163663645,0.8841029836345491,1.8084501689005796,13.430513687740012,111.44346353757267,1.8084501689005654,13.429494221483841,111.44461146460591,1.8084501689006818,13.428318129410535,111.44593575354276,0.6105562639295209,0.03249434206212998,1.5121517649928367,0.13005748053146637,-3.6331736505581053e-13,0.1300662460343544,0.8699337540179792,1.8084501689115735,13.336853105826615,111.29618031329728,1.8084501689005654,13.33520668940638,111.29803419115281,1.8084501689068784,13.333307325607455,111.30017288974882,0.590080521515603,0.03668464886526024,1.5022691060371263,0.130057511448139,-3.1955635958305003e-13,0.16589706779341956,0.8341029321987965,1.8084501689007348,13.229604914451054,111.12753031488327,1.8084501689005654,13.226159048111453,111.13141038751957,1.8084501689193788,13.222183775694987,111.13588657556772,0.5517377956949712,0.03941352899314386,1.4932891589810637,0.13005766603520857,-6.3869854067430824e-12,0.27929175464203165,0.7207082454753625,1.8084501689032162,13.132399312189149,110.97467262702746,1.8084501689005654,13.120530558305523,110.9880369373727,1.808450168892433,13.106838347035115,111.00345447509608
1.8333333333333335,0.028057986330860915,1.5273233528260477,0.12903626842100105,-9.2537892193123e-16,0.04082368600392246,1.5271530804364302,0.12913109725565283,-2.979140213758452e-15,0.04653761566360175,1.5269746973247857,0.1292304278103722,-5.554771192701229e-15,0.050454210812114,1.5267913171145073,0.12933253612414183,-8.814912461792959e-15,0.053501353935966715,1.5266038634631636,0.12943691110485467,-1.1244355417585323e-14,0.05602528445308703,1.526412807969281,0.12954329198404999,-5.093396918569947e-15,0.05819588937433696,1.526218438852509,0.1296515195207273,-7.60370541625515e-15,0.060110069994252655,1.526020949435519,0.12976148700513893,-1.8687830658233292e-14,0.06182871048513606,1.5258204768673986,0.12987311881848712,-2.1000630111956656e-14,0.06339274839514338,1.5256171220193417,0.12998635941866477,-4.563812530777525e-13,0.6269613013465853,0.00034813649949353456,1.5254894202921525,0.13005746841968005,-4.3879934753183864e-13,0.11072571621950672,0.8892742837305223,1.8084501689005745,13.48210546319982,111.52459517679442,1.8084501689005654,13.481464417983956,111.52531699875604,1.808450168900248,13.480724885711606,111.52614971791888,0.6217455769927055,0.02578028483364831,1.5206604764847882,0.1300574827215673,-4.03812746897118e-13,0.11610268555611447,0.8838973144447994,1.8084501689005796,13.429447255664389,111.44178655087575,1.8084501689005654,13.428419711266333,111.44294357396038,1.8084501689006818,13.427234299964873,111.4442783564215,0.6102964958673635,0.032654822042756104,1.5118307190890017,0.1300574810381561,-3.641862773478523e-13,0.13044117389973123,0.8695588261526027,1.8084501689115735,13.333364158336265,111.29069387035221,1.8084501689005654,13.331699365163896,111.29256844057537,1.8084501689068784,13.32977880129838,111.29473101061332,0.5896716703442969,0.03688962641876438,1.501648709191149,0.13005751247914354,-3.2058825244088165e-13,0.16680008409352726,0.8331999158986889,1.8084501689007348,13.222883398358817,111.11696059042528,1.8084501689005654,13.219379865256274,111.12090559629078,1.8084501689193788,13.215338066437017,111.12545669359243,0.5509380639774116,0.03965876691258233,1.4923492669534104,0.13005767128970233,-6.412887121529532e-12,0.2824909144842615,0.7175090856331326,1.8084501689032162,13.122243523748002,110.95870244080554,1.8084501689005654,13.110040690162357,110.97244292752629,1.808450168892433,13.095963072815954,110.98829443552651
1.8666666666666667,0.028162121289715868,1.5273234250146297,0.12903621829833525,-9.255935843582369e-16,0.04097878684859637,1.5271532674512993,0.12913096256776402,-2.9802121747927867e-15,0.0467160724261856,1.526974951844821,0.12923023365814734,-5.557173229742922e-15,0.05064885357000483,1.5267916009821274,0.12933230312900185,-8.819209782663394e-15,0.053708704476071144,1.5266041405983095,0.129436658928868,-1.1250340351127733e-14,0.05624324486087541,1.526413042929681,0.12954304004220799,-5.096296679919259e-15,0.058423039944641916,1.5262185962652879,0.12965128726060138,-7.608267767308493e-15,0.06034537839768416,1.5260209937087357,0.12976129404817408,-1.869951706587497e-14,0.06207138812126946,1.5258203720210992,0.1298729850424954,-2.101419972469333e-14,0.06364217076653496,1.5256168315764873,0.12998630501100594,-4.566972657539672e-13,0.6268032495961539,0.0003492408437555158,1.5254890022058838,0.13005747001256812,-4.398192839813763e-13,0.1108725227483958,0.8891274772016334,1.8084501689005745,13.482100884507208,111.52458799179945,1.8084501689005654,13.481456397989982,111.52531368869349,1.808450168900248,13.480712895711536,111.52615087811446,0.6215595621395068,0.02588586560321222,1.5205624262408348,0.1300574833740648,-4.043936001244271e-13,0.11630409181361193,0.8836959081873023,1.8084501689005796,13.428378861688303,111.44010647904567,1.8084501689005654,13.427343366360027,111.44127245494035,1.8084501689006818,13.426148782586255,111.44261756567755,0.610043040603611,0.0328134125425411,1.5115076547887467,0.1300574815431776,-3.650488630808451e-13,0.13080959953745155,0.8691904005148823,1.8084501689115735,13.329853624850008,111.28517348297046,1.8084501689005654,13.328170644554149,111.2870685320379,1.8084501689068784,13.326229099384303,111.28925472718977,0.5892717745005107,0.037092648205285836,1.5010222067153924,0.13005751350435477,-3.216154406043124e-13,0.16769149890645266,0.8323085010857638,1.8084501689007348,13.216097033780388,111.10628889035011,1.8084501689005654,13.212536001444413,111.11029864080531,1.8084501689193788,13.20842786949029,111.11492442973922,0.5501520973505738,0.039902256123238763,1.491396869398314,0.13005767655350362,-6.438860345014511e-12,0.2856712897762026,0.7143287103411918,1.8084501689032162,13.111955596505737,110.94252446352296,1.8084501689005654,13.099415327015238,110.95664490573006,1.808450168892433,13.084948431759395,110.97293474372206
1.9000000000000001,0.028264776497325186,1.5273234966765599,0.12903616846469299,-9.258058848143091e-16,0.04113171288414199,1.52715345315472,0.12913082859087902,-2.981273226827019e-15,0.04689204138639766,1.5269752046777425,0.1292300403999233,-5.5595541087999535e-15,0.05084079353447368,1.526791883004101,0.12933207108342962,-8.823472429255819e-15,0.05391318470851378,1.526604415878555,0.12943640766988881,-1.1256279102880952e-14,0.05645819605931554,1.5264132761334674,0.12954278892077825,-5.099174337705193e-15,0.05864706175509277,1.5262187520960921,0.12965105567819937,-7.61279522636195e-15,0.06057745255593788,1.5260210366251235,0.12976110159497448,-1.87111130194305e-14,0.06231073676857404,1.5258202660708058,0.1298728515780908,-2.1027662848204672e-14,0.06388817791089871,1.5256165402891666,0.12998625071651848,-4.570111050070228e-13,0.6266493145503219,0.000350328200119271,1.5254885834227538,0.1300574716019654,-4.408605639746296e-13,0.11101606758227707,0.8889839323677524,1.8084501689005745,13.482096298561691,111.52458079514378,1.8084501689005654,13.481448442967537,111.52531028564498,1.808450168900248,13.480701054003635,111.52615185150438,0.6213782510677185,0.025990003182939963,1.520464196131535,0.1300574840273341,-4.0496850950700017e-13,0.1165013973014117,0.8834986026995023,1.8084501689005796,13.427308540850508,111.43842337718196,1.8084501689005654,13.426265217486387,111.43959816750665,1.8084501689006818,13.425061603015571,111.44095344687985,0.6097956305594451,0.03297017473614215,1.5111825835894155,0.13005748204672182,-3.6590532862495705e-13,0.13117175450702806,0.8688282455453056,1.8084501689115735,13.326321636724005,111.27961935771262,1.8084501689005654,13.324620652904732,111.2815346788892,1.8084501689068784,13.322658338238055,111.28374426065808,0.5888804747063,0.03729378677988433,1.5003895922772992,0.13005751452408895,-3.2263791713080383e-13,0.16857168192071142,0.8314283180715049,1.8084501689007348,13.209245789839018,111.09551516610371,1.8084501689005654,13.205627418217693,111.09958948104578,1.8084501689193788,13.201453137650429,111.10428975383903,0.5493793911234434,0.04014408259141863,1.490431875153115,0.1300576818259682,-6.464859868233262e-12,0.2888332999315618,0.7111667001858327,1.8084501689032162,13.101534663173814,110.92613733134986,1.8084501689005654,13.088653601361933,110.94064150839475,1.808450168892433,13.073793556116678,110.95737403637108
1.9333333333333333,0.028365998723153398,1.5273235678278028,0.12903611891118216,-9.260156518346552e-16,0.0412825325911321,1.5271536375867236,0.12913069530280724,-2.9823222066215023e-15,0.04706560077162912,1.5269754558754898,0.12922984800714593,-5.561909599514081e-15,0.051030115620353755,1.5267921632378054,0.1293318399562046,-8.827690794268188e-15,0.0541148847545971,1.5266046893620377,0.12943615729670366,-1.126215624740404e-14,0.05667023248432584,1.526413507635825,0.12954253859067683,-5.102021785519e-15,0.058868052953511614,1.5262189063940592,0.12965082474833609,-7.617274546442479e-15,0.060806393891013694,1.5260210782251111,0.12976090962577605,-1.8722583815971145e-14,0.06254686078919552,1.5258201590458969,0.12987271841227174,-2.104097952591165e-14,0.06413087686625761,1.5256162481736077,0.1299861965301682,-4.573216241807323e-13,0.6264993150025663,0.0003513991196812164,1.525488163950476,0.13005747318798838,-4.4194492128285904e-13,0.11115647765072328,0.888843522299306,1.8084501689005745,13.482091705434632,111.52457358695109,1.8084501689005654,13.481440550287587,111.52530679277483,1.808450168900248,13.480689354843602,111.52615264476078,0.6212014406036144,0.026092742332303284,1.5203657892373679,0.13005748468144948,-4.0553765862194194e-13,0.1166947556945836,0.8833052443063305,1.8084501689005796,13.426236326867969,111.43673729830543,1.8084501689005654,13.425185294251875,111.43792076930855,1.8084501689006818,13.423972786117261,111.43928606301724,0.6095540137521193,0.033125166899808586,1.5108555164268418,0.13005748254897345,-3.667555864263523e-13,0.13152785918667348,0.86847214086566,1.8084501689115735,13.322768319204618,111.27403169153159,1.8084501689005654,13.321049509680266,111.27596708459248,1.8084501689068784,13.31906663065423,111.27819982199195,0.5884974316743619,0.037493111458749,1.4997508579155325,0.13005751553865894,-3.236555832829835e-13,0.16944098796350512,0.8305590120287109,1.8084501689007348,13.202329618427589,111.08463934203706,1.8084501689005654,13.198654059990764,111.08877804978377,1.8084501689193788,13.194413806704935,111.09355260837769,0.5486194665395228,0.04038432904019869,1.489454188223228,0.13005768710644008,-6.491006893848836e-12,0.2919773575155722,0.708022642601822,1.8084501689032162,13.090979806935758,110.90953960257302,1.8084501689005654,13.07775459426896,110.92443129619089,1.808450168892433,13.062497524512063,110.94161087689409
1.9666666666666668,0.02846583247388548,1.5273236384835571,0.12903606962934,-9.262227753484109e-16,0.04143131114384055,1.5271538207854134,0.12913056268243112,-2.9833583418416943e-15,0.04723682503533424,1.526975705487506,0.12922965645264675,-5.564236810992087e-15,0.051216900647924286,1.5267924417378615,0.12933160971762603,-8.831858282858433e-15,0.05431389039160724,1.5266049611041055,0.12943590777962283,-1.1267961217595266e-14,0.05687944402117898,1.5264137374893003,0.1295422890242429,-5.104833572645268e-15,0.05908610695938626,1.5262190592059977,0.12965059444706117,-7.621696579633871e-15,0.06103229893989778,1.526021118547244,0.12976071812178538,-1.8733906007734033e-14,0.0627798595196279,1.5258200509744306,0.12987258553267592,-2.1054122295988212e-14,0.06437036951702071,1.525615955245381,0.12998614244716838,-4.576280239976882e-13,0.626353080609963,0.00035245412648796933,1.5254877437965417,0.13005747477074744,-4.429657303149806e-13,0.11129387310381612,0.8887061268462128,1.8084501689005745,13.482087105195205,111.52456636734009,1.8084501689005654,13.481432717458024,111.52530321308578,1.808450168900248,13.48067779278454,111.52615326421352,0.6210289395691815,0.026194125690115904,1.5202672085234936,0.13005748533648082,-4.0610129371905065e-13,0.11688431274238911,0.8831156872585252,1.8084501689005796,13.425162252198149,111.43504829345628,1.8084501689005654,13.424103625197548,111.43624031579616,1.8084501689006818,13.422882355914275,111.43761547462722,0.609317952645843,0.0332784445952535,1.5105264636997626,0.13005748305011128,-3.6760080559093317e-13,0.13187812346017277,0.8681218765921622,1.8084501689115735,13.319193791695584,111.2684106721923,1.8084501689005654,13.317457328736376,111.27036594315986,1.8084501689068784,13.31545408408796,111.27262161241052,0.588122324689847,0.037690688525275275,1.4991059940774256,0.1300575165483743,-3.2466956842616103e-13,0.17029975777575182,0.8297002422164642,1.8084501689007348,13.195348454632521,111.07366131607246,1.8084501689005654,13.191615854472817,111.07786425324835,1.8084501689193788,13.187309795852364,111.08271290916731,0.5478718690364166,0.04062307516982097,1.4884637077442728,0.13005769239428094,-6.517082830109026e-12,0.295103868274284,0.7048961318431101,1.8084501689032162,13.080290061146325,110.89272975712221,1.8084501689005654,13.066717335094895,110.90801275354801,1.808450168892433,13.051059361694,110.92564375491168
2.0,0.028564320090788853,1.5273237086583429,0.12903602061108402,-9.264164695240524e-16,0.041578110555069714,1.527154002787135,0.12913043070961785,-2.9923472013634722e-15,0.04740578502599336,1.5269759535609149,0.12922946571054822,-5.566334573431275e-15,0.05140122553066187,1.526792718556302,0.12933138033942643,-8.835550237029127e-15,0.054510283256959356,1.5266052311574652,0.12943565909040936,-1.1273051892372244e-14,0.0570859162236884,1.526413965743923,0.1295420401951877,-5.107286574283498e-15,0.05930131269720717,1.5262192105764718,0.1296503647516288,-7.625546947632183e-15,0.061255259601399395,1.5260211576282292,0.12976052706516972,-1.874376542941095e-14,0.06300982753050134,1.5258199418831506,0.12987245292758878,-2.1065581188536105e-14,0.0646067528662737,1.5256156615193797,0.12998608846300497,-4.578875804281606e-13,0.6262104510753675,0.0003534937190557004,1.5254873229682386,0.13005747635034715,-4.431493215204348e-13,0.11142836776903531,0.8885716321809932,1.8084501689005745,13.482082497911577,111.52455913642824,1.8084501689005654,13.481424942115773,111.5252995494329,1.808450168900248,13.48066636265861,111.52615371587585,0.6208605678904965,0.026294193908254826,1.5201684568457663,0.13005748599249678,-4.0663328708751e-13,0.11707020678563931,0.8829297932152748,1.8084501689005796,13.42408634810555,111.4333564117986,1.8084501689005654,13.423020237853837,111.43455686033816,1.8084501689006818,13.421790335629296,111.43594173992909,0.6090872231040095,0.033430060838841875,1.5101954352954061,0.13005748355031135,-3.68433884692601e-13,0.1322227473535087,0.867777252698826,1.8084501689115735,13.315598168038264,111.26275647871283,1.8084501689005654,13.31384421858757,111.26473143960753,1.8084501689068784,13.311820800908514,111.26700982384956,0.5877548503131554,0.037886581419870544,1.498454989658752,0.13005751755354183,-3.2574063291680053e-13,0.17114831874101594,0.8288516812511998,1.8084501689007348,13.188302217181736,111.06258096040824,1.8084501689005654,13.184512713113035,111.06684797183381,1.8084501689193788,13.18014100814489,111.07177054605727,0.5471361666470329,0.040860397861370114,1.487460327944403,0.13005769768886924,-6.5445962197725405e-12,0.2982132311940187,0.7017867689233754,1.8084501689032162,13.069464409042531,110.87570619611641,1.8084501689005654,13.055540801221408,110.89138428817827,1.808450168892433,13.039478038289218,110.90947108574208
2.033333333333333,0.02866150210826771,1.527323778365855,0.12903597184878748,-9.266095753553157e-16,0.04172299018659508,1.5271541836263913,0.1291302993652482,-2.992551948061715e-15,0.04757254855221305,1.5269762001405798,0.12922927575620774,-5.5684435846253214e-15,0.051583163867463803,1.5267929937427693,0.12933115179462815,-8.839277561058638e-15,0.054704141453285546,1.5266054995725047,0.12943541120206017,-1.1278205934045078e-14,0.05728973092320785,1.526414192447617,0.12954179207831937,-5.109774644021086e-15,0.05951375520321859,1.5262193605482655,0.1296501356401929,-7.629456327316327e-15,0.06147536373622666,1.5260211955034013,0.1297603364387516,-1.8753779725463266e-14,0.06323685521675253,1.5258198317979073,0.12987232058567036,-2.107721831933052e-14,0.06484011961364226,1.5256153670101331,0.12998603457322902,-4.581529536368204e-13,0.6260712754029503,0.00035451837311321536,1.52548690147261,0.13005747792688716,-4.435212329130809e-13,0.11156006957150312,0.8884399303785255,1.8084501689005745,13.482077883649199,111.52455189432735,1.8084501689005654,13.481417222016722,111.52529580452854,1.808450168900248,13.480655059557309,111.52615400546026,0.6206961557851831,0.026392985775250753,1.5200695369573993,0.1300574866495512,-4.0715994513897314e-13,0.11725256923380371,0.8827474307671105,1.8084501689005796,13.423008644733303,111.43166170073336,1.8084501689005654,13.421935158801238,111.4328704543471,1.8084501689006818,13.420696747732833,111.43426491496321,0.608861613432353,0.033580066258050614,1.5098624406155587,0.13005748404973366,-3.6926360786648827e-13,0.13256192162556157,0.8674380784267727,1.8084501689115735,13.311981556796692,111.25706928181259,1.8084501689005654,13.310210282680687,111.25906375041687,1.8084501689068784,13.308166878659346,111.26136463943772,0.5873947211916379,0.03808085091558917,1.4977978320439067,0.13005751855446598,-3.268444525044802e-13,0.171986985571524,0.8280130144206914,1.8084501689007348,13.181190808898117,111.05139812223156,1.8084501689005654,13.177344531551238,111.05572906081547,1.8084501689193788,13.1729073309357,111.0607253836537,0.5464119485287889,0.041096371365705334,1.486443938104933,0.13005770298959843,-6.572208374367065e-12,0.30130583858669485,0.6986941615306991,1.8084501689032162,13.058501783438295,110.85846724138275,1.8084501689005654,13.044223917763802,110.87454423057746,1.808450168892433,13.027752470531635,110.89309120988163
2.066666666666667,0.028757416984062825,1.5273238476193567,0.1290359233350729,-9.268025874543036e-16,0.041866006377982094,1.5271543633363058,0.12913016863098903,-3.0113017048106922e-15,0.047737179989611994,1.5269764452694032,0.12922908656609305,-5.570572941040571e-15,0.05176278555264948,1.5267932673446034,0.12933092405755534,-8.843059769755044e-15,0.05489553917532995,1.5266057663971548,0.12943516408895453,-1.1283453803529215e-14,0.05749096588135306,1.5264144176458705,0.12954154464980916,-5.112313551391134e-15,0.05972351531019739,1.5262195091619066,0.1296499070921576,-7.63345058319997e-15,0.06169269488826125,1.5260212322061728,0.12976014622640314,-1.872509277916726e-14,0.06346102855854246,1.5258197207431035,0.12987218849634585,-2.1089112158715568e-14,0.06507055795805752,1.5256150717313386,0.12998598077379173,-4.584263028392952e-13,0.6259354112196074,0.0003555285411252874,1.5254864793165532,0.1300574795004617,-4.4406473618211916e-13,0.11168908092083689,0.8883109190291918,1.8084501689005745,13.482073262472975,111.52454464114817,1.8084501689005654,13.481409555030178,111.52529198095579,1.808450168900248,13.48064387881702,111.52615413840188,0.6205355430209821,0.026490538329939896,1.5199704515131576,0.130057487307711,-4.0768135167902347e-13,0.11743152500543352,0.8825684749954806,1.8084501689005796,13.421929171149966,111.42996420597157,1.8084501689005654,13.420848413706981,111.43118114736387,1.8084501689006818,13.419601613968231,111.43258505368887,0.6086409235040642,0.03372850923572679,1.5095274885966998,0.13005748454854973,-3.7011178736409454e-13,0.1328958283167315,0.8671041717356025,1.8084501689115735,13.308344061478397,111.25134924425963,1.8084501689005654,13.306555619604813,111.25336304389414,1.8084501689068784,13.30449241025545,111.2556862338703,0.5870416649697637,0.03827355528042358,1.4971345071350561,0.13005751955144895,-3.2792401027059323e-13,0.17281606095431143,0.8271839390379041,1.8084501689007348,13.174014117032943,111.0401126242431,1.8084501689005654,13.170111189948305,111.04450735087786,1.8084501689193788,13.165608636205945,111.0495772618516,0.5456988236089139,0.04133106747893362,1.4854144225010575,0.130057708295876,-6.598698503238976e-12,0.30438207619828367,0.6956179239191101,1.8084501689032162,13.047401066209677,110.84101113464786,1.8084501689005654,13.032765557068224,110.85749083320297,1.808450168892433,13.015881519773352,110.8765023921671
2.1,0.028852101528007074,1.5273239164314205,0.12903587506294364,-9.26995739441727e-16,0.042007213054217916,1.5271545419484167,0.12913003848938195,-3.012275178013405e-15,0.047899740949770016,1.5269766889883132,0.12922889811775545,-5.572726596215996e-15,0.051940157472426925,1.5267935394070296,0.1293306971036799,-8.846905198323936e-15,0.05508454741624731,1.526606031677271,0.12943491772658508,-1.1288808251657097e-14,0.057689695494990346,1.526414641382264,0.12954129788683352,-5.11490991074729e-15,0.059930670343436035,1.5262196564562862,0.12964967908776664,-7.637540498991808e-15,0.06190733296602176,1.5260212677686735,0.12975995641262444,-1.8735558299606746e-14,0.06368242978418541,1.5258196087422817,0.12987205664941864,-2.1101295557212667e-14,0.06529815223919981,1.5256147756963099,0.12998592706074175,-4.587084885521826e-13,0.6258027241553259,0.0003565246552424635,1.525486056506756,0.1300574810711606,-4.448239607794411e-13,0.11181549906787007,0.8881845008821586,1.8084501689005745,13.48206863444577,111.52453737699778,1.8084501689005654,13.481401939130231,111.52528808117364,1.808450168900248,13.480632816002153,111.52615411987308,0.6203785782380141,0.02658688696681488,1.5198712030754977,0.13005748796702873,-4.082089639899031e-13,0.11760719293524145,0.8823928070656728,1.8084501689005796,13.42084795541583,111.4282639716387,1.8084501689005654,13.419760027381924,111.42948898717285,1.8084501689006818,13.41850495539768,111.43090220811142,0.6084249639584476,0.03387543604363656,1.5091905877335856,0.1300574850469158,-3.7091492293155016e-13,0.13322464125890734,0.8667753587934266,1.8084501689115735,13.304685780792186,111.24559652127562,1.8084501689005654,13.302880323338819,111.24762948058698,1.8084501689068784,13.300797484219093,111.24997477383917,0.5866954232879256,0.038464750427551285,1.496464999387148,0.13005752054479133,-3.2900852932087404e-13,0.17363583615971245,0.8263641638325033,1.8084501689007348,13.166772013663245,111.0287242652816,1.8084501689005654,13.162812553380324,111.03318264874287,1.8084501689193788,13.15824478095517,111.03832599646704,0.5449964193348353,0.04156455570531817,1.484371660347468,0.13005771360712262,-6.624200267923092e-12,0.3074423233350627,0.692557676782331,1.8084501689032162,13.03616108783761,110.82333603681815,1.8084501689005654,13.021164538262637,110.84022226974479,1.808450168892433,13.003863992045142,110.859702821036
