i_ext [A/cm2],eps_w_gdl y0,eps_w_gdl y1,eps_w_gdl y2,eps_w_gdl y3,eps_w_gdl y4,eps_w_gdl y5,eps_w_gdl y6,eps_w_gdl y7,eps_w_gdl y8,eps_w_gdl y9,rho_gdl_k y0 O2,rho_gdl_k y1 O2,rho_gdl_k y2 O2,rho_gdl_k y3 O2,rho_gdl_k y4 O2,rho_gdl_k y5 O2,rho_gdl_k y6 O2,rho_gdl_k y7 O2,rho_gdl_k y8 O2,rho_gdl_k y9 O2,rho_gdl_k y0 H2O,rho_gdl_k y1 H2O,rho_gdl_k y2 H2O,rho_gdl_k y3 H2O,rho_gdl_k y4 H2O,rho_gdl_k y5 H2O,rho_gdl_k y6 H2O,rho_gdl_k y7 H2O,rho_gdl_k y8 H2O,rho_gdl_k y9 H2O,rho_gdl_k y0 N2,rho_gdl_k y1 N2,rho_gdl_k y2 N2,rho_gdl_k y3 N2,rho_gdl_k y4 N2,rho_gdl_k y5 N2,rho_gdl_k y6 N2,rho_gdl_k y7 N2,rho_gdl_k y8 N2,rho_gdl_k y9 N2,phi_dl y0,phi_dl y1,phi_dl y2,phi_dl y3,phi_dl y4,eps_w_cl y0,eps_w_cl y1,eps_w_cl y2,eps_w_cl y3,eps_w_cl y4,rho_gas_k y0 O2,rho_gas_k y1 O2,rho_gas_k y2 O2,rho_gas_k y3 O2,rho_gas_k y4 O2,rho_gas_k y0 H2O,rho_gas_k y1 H2O,rho_gas_k y2 H2O,rho_gas_k y3 H2O,rho_gas_k y4 H2O,rho_gas_k y0 N2,rho_gas_k y1 N2,rho_gas_k y2 N2,rho_gas_k y3 N2,rho_gas_k y4 N2,theta_pt_k y0 Pt(S),theta_pt_k y1 Pt(S),theta_pt_k y2 Pt(S),theta_pt_k y3 Pt(S),theta_pt_k y4 Pt(S),theta_pt_k y0 O(S),theta_pt_k y1 O(S),theta_pt_k y2 O(S),theta_pt_k y3 O(S),theta_pt_k y4 O(S),rho_naf_k y0 r0 H(Naf),rho_naf_k y0 r1 H(Naf),rho_naf_k y0 r2 H(Naf),rho_naf_k y0 r0 O2(Naf),rho_naf_k y0 r1 O2(Naf),rho_naf_k y0 r2 O2(Naf),rho_naf_k y0 r0 H2O(Naf),rho_naf_k y0 r1 H2O(Naf),rho_naf_k y0 r2 H2O(Naf),rho_naf_k y1 r0 H(Naf),rho_naf_k y1 r1 H(Naf),rho_naf_k y1 r2 H(Naf),rho_naf_k y1 r0 O2(Naf),rho_naf_k y1 r1 O2(Naf),rho_naf_k y1 r2 O2(Naf),rho_naf_k y1 r0 H2O(Naf),rho_naf_k y1 r1 H2O(Naf),rho_naf_k y1 r2 H2O(Naf),rho_naf_k y2 r0 H(Naf),rho_naf_k y2 r1 H(Naf),rho_naf_k y2 r2 H(Naf),rho_naf_k y2 r0 O2(Naf),rho_naf_k y2 r1 O2(Naf),rho_naf_k y2 r2 O2(Naf),rho_naf_k y2 r0 H2O(Naf),rho_naf_k y2 r1 H2O(Naf),rho_naf_k y2 r2 H2O(Naf),rho_naf_k y3 r0 H(Naf),rho_naf_k y3 r1 H(Naf),rho_naf_k y3 r2 H(Naf),rho_naf_k y3 r0 O2(Naf),rho_naf_k y3 r1 O2(Naf),rho_naf_k y3 r2 O2(Naf),rho_naf_k y3 r0 H2O(Naf),rho_naf_k y3 r1 H2O(Naf),rho_naf_k y3 r2 H2O(Naf),rho_naf_k y4 r0 H(Naf),rho_naf_k y4 r1 H(Naf),rho_naf_k y4 r2 H(Naf),rho_naf_k y4 r0 O2(Naf),rho_naf_k y4 r1 O2(Naf),rho_naf_k y4 r2 O2(Naf),rho_naf_k y4 r0 H2O(Naf),rho_naf_k y4 r1 H2O(Naf),rho_naf_k y4 r2 H2O(Naf)
0.0,0.0019429556555363187,0.002771012682074705,0.003135284912155134,0.0033830261271784075,0.0035745306510505466,0.0037322679833418047,0.0038672507851185635,0.003985752973147677,0.004091711595642636,0.004187770536002948,1.527405852482869,1.527405878700263,1.527405904980596,1.5274059312933181,1.527405957629324,1.5274059839838627,1.5274060103539515,1.5274060367375162,1.5274060631330222,1.527406089539284,0.12899031794864532,0.12899030318651683,0.12899028838894697,0.12899027357313855,0.12899025874421988,0.1289902439048648,0.128990229056754,0.1289902142010547,0.1289901993386309,0.12899018447015115,0.0,0.0,0.0,0.0,0.0,0.0,0.0,0.0,0.0,0.0,0.8660813518148907,0.8660813518148901,0.8660813518148897,0.8660813518148894,0.8660813518148892,2.7459571997632377e-05,2.7459572075971355e-05,2.7459572075971338e-05,2.7459572075957975e-05,2.7459572075970684e-05,1.527406106024068,1.5274061060240678,1.527406106024068,1.5274061060240687,1.5274061060240685,0.12899017518811767,0.12899017518811748,0.1289901751881174,0.12899017518811734,0.1289901751881173,0.0,0.0,0.0,0.0,0.0,0.07902368766521137,0.07902368766509808,0.07902368766515903,0.07902368766516582,0.07902368766516939,0.9209763123353023,0.9209763123340805,0.9209763123347928,0.9209763123348729,0.9209763123349214,1.7496551234649653,1.7496551234649649,1.7496551234646296,12.70438597493256,12.70438597493256,12.70438597493256,104.09806085704574,104.09806085704574,104.09806085704574,1.749655123464952,1.7496551234649649,1.7496551234649718,12.704385980286121,12.704385980286121,12.704385980286121,104.09806091409718,104.09806091409718,104.09806091409718,1.7496551234649753,1.7496551234649649,1.7496551234649755,12.704385980286308,12.704385980286308,12.704385980286308,104.09806091409843,104.09806091409843,104.09806091409843,1.7496551234649682,1.7496551234649649,1.7496551234649622,12.704385980285341,12.704385980285341,12.704385980285341,104.09806091408805,104.09806091408805,104.09806091408805,1.7496551234650914,1.7496551234649649,1.7496551234649533,12.704385980287116,12.704385980287116,12.704385980287116,104.09806091410498,104.09806091410498,104.09806091410498
0.001,0.0019429557963020303,0.0027710126748824336,0.0031352849140060517,0.0033830261289577897,0.0035745306540238106,0.00373226801209428,0.0038672516154288224,0.003985774159381625,0.00409213304088754,0.004193666479021676,1.5274016755647366,1.5273933340613093,1.5273849725526436,1.5273766007595997,1.527368221579919,1.52735983652461,1.5273514465432918,1.5273430522952416,1.5273346542619421,1.5273262527286906,0.12899266959670996,0.1289973659479033,0.129002073562312,0.1290067869669621,0.12901150453038746,0.1290162254018692,0.12902094904676037,0.12902567509387558,0.1290304032721419,0.12903513342092277,0.0,0.0,0.0,0.0,0.0,0.0,0.0,0.0,0.0,0.0,0.786895171212805,0.7868837464343338,0.7868609079695864,0.7868266567908893,0.7867809837574484,2.7690153699081607e-05,2.7745802623235445e-05,2.7787961586613205e-05,2.781628027717512e-05,2.7830509902333084e-05,1.5273210078105275,1.5273012289761028,1.5272863894835396,1.5272764910996808,1.5272715383053699,0.1290380863634318,0.12904932487229903,0.12905775680377454,0.1290633811535822,0.12906619537544897,0.0,0.0,0.0,0.0,0.0,0.07918007758495776,0.07918052262657833,0.07918093380014514,0.07918131116700577,0.07918165492330867,0.9208199224156632,0.9208194773726401,0.9208190662000014,0.9208186888330662,0.9208183450767743,1.749655123464968,1.7496551234649649,1.7496551234641482,12.719235328404325,12.719233534679061,12.7192314653748,104.26425495709505,104.26425697684002,104.26425930689088,1.749655123464952,1.7496551234649649,1.749655123464968,12.722725609391503,12.722723815981755,12.722721747041483,104.30330016006623,104.3033021794559,104.30330450909688,1.7496551234649753,1.7496551234649649,1.749655123464973,12.725345578851748,12.725343784780073,12.725341715076183,104.33260933327414,104.33261135340906,104.33261368390987,1.7496551234649873,1.7496551234649649,1.7496551234649378,12.727093805188908,12.72709200947662,12.727089937880061,104.35216645751998,104.35216847950223,104.35217081213416,1.7496551234651225,1.7496551234649649,1.7496551234649775,12.727968743763773,12.727966945428621,12.727964870806236,104.36195425322892,104.3619562781645,104.36195861420353
0.012,0.001942955952406166,0.0027710127034156055,0.0031352849447480293,0.003383026158665794,0.0035745307197155066,0.0037322691126795374,0.0038672770700249825,0.003986283017028908,0.004100548720803199,0.00429559641692233,1.52735576850657,1.5272554623978885,1.5271549185250208,1.5270542538110385,1.5269535031075623,1.5268526846025812,1.5267518096228838,1.5266508861882564,1.5265499183754763,1.5264488905897087,0.12901851574105033,0.1290749891148386,0.12913159634487212,0.12918827161225943,0.12924499529586633,0.12930175716444123,0.12935855078134667,0.12941537174963666,0.12947221770736717,0.12952909737857643,0.0,0.0,0.0,0.0,0.0,0.0,0.0,0.0,0.0,0.0,0.7150792860685912,0.714946301740572,0.714681862719813,0.7142861386536915,0.7137579499344816,3.1334242334164e-05,3.2938447118165865e-05,3.4612999943684515e-05,3.616376900604204e-05,3.7175908892306614e-05,1.5263858108308392,1.5261480952303599,1.5259690904467036,1.5258490206920388,1.5257884883431867,0.1295646119297976,0.1296996843544745,0.1298013968075347,0.12986962179915182,0.12990401696248832,0.0,0.0,0.0,0.0,0.0,0.08087014345421978,0.08087166835467711,0.0808830878895467,0.08090455425549212,0.08093652394482019,0.9191298565462176,0.9191283316446244,0.9191169121106064,0.9190954457444843,0.9190634760554327,1.749655123464968,1.7496551234649649,1.7496551234636957,12.88485277062318,12.884831398809498,12.884806743537123,106.1178468345184,106.1178708993013,106.11789866130671,1.749655123464952,1.7496551234649649,1.7496551234649915,12.928092418573177,12.92807109720679,12.928046500132206,106.60156482435984,106.60158883233824,106.60161652881224,1.7496551234649753,1.7496551234649649,1.749655123464951,12.960853796907868,12.96083239172236,12.960807697951125,106.9680631099787,106.96808721233762,106.96811501769258,1.7496551234649806,1.7496551234649649,1.7496551234649387,12.982926465767404,12.982904840642586,12.982879893141657,107.21498816458443,107.2150125145964,107.2150406056528,1.7496551234651243,1.7496551234649649,1.7496551234649915,12.994084313488411,12.994062326712918,12.994036961999019,107.33980984190273,107.33983459913716,107.33986315997916
0.023000000000000003,0.0019429560892293687,0.002771012709664677,0.003135284955736317,0.00338302617893619,0.0035745310403444237,0.003732277527233696,0.0038675077751042157,0.0039936030681595415,0.004317389183738142,0.006292607718916743,1.527312999221573,1.5271270174767884,1.5269405993554894,1.5267539616348627,1.5265671689469071,1.5263802549960082,1.5261932408761878,1.5260061384468464,1.525818876475483,1.5256307542733074,0.12904259511495603,0.12914730439913935,0.12925225936813,0.129357337973847,0.12946250382779168,0.12956773795432688,0.1296730284770187,0.12977836871902393,0.12988379878488102,0.12998971316957317,0.0,0.0,0.0,0.0,0.0,0.0,0.0,0.0,0.0,0.0,0.696394218031435,0.6961500661612186,0.6956597051951939,0.694918896280314,0.6939211116939372,6.124573179419847e-05,0.00987558588012285,0.011504834397585356,0.012266791995274211,0.012597653982634363,1.5255128772384872,1.5254690056364664,1.5254306549528982,1.5254036517571874,1.5253896578739323,0.13005607893690235,0.13005743919169305,0.1300574395841665,0.13005743960528157,0.1300574396494901,0.0,0.0,0.0,0.0,0.0,0.08244013109607237,0.08246923688762511,0.08252748950034634,0.08261648117352724,0.08273925088587239,0.9175598689044916,0.9175307631116852,0.9174725104998007,0.9173835188264436,0.9172607491143774,1.749655123464968,1.7496551234649649,1.7496551234629913,13.043604152869104,13.043564260322595,13.043518238815174,107.89457798190412,107.89462290251522,107.89467472378415,1.7496551234649544,1.7496551234649649,1.7496551234649913,13.043572071644176,13.043527460547232,13.043475995619573,107.8984498424657,107.89850007491087,107.89855802482387,1.7496551234649789,1.7496551234649649,1.7496551234649549,13.043167178971464,13.043120965901622,13.043067652881831,107.89781314098738,107.89786517726587,107.89792520814476,1.749655123464982,1.7496551234649649,1.7496551234649371,13.042882089276787,13.042834260008075,13.042779082484527,107.89736483133764,107.89741868746873,107.89748081779348,1.7496551234651234,1.7496551234649649,1.749655123464992,13.042734342781042,13.04268464013115,13.042627301409286,107.897132496903,107.89718846247604,107.89725302632709
0.034,0.0019429560261777941,0.0027710124055539327,0.003135286556070798,0.0033836471111491763,0.0037264613393639227,0.00779502024823974,0.012640929652528197,0.014930192115930073,0.01654259401483804,0.017813932835855067,1.5273147462609704,1.5271322595406065,1.5269493383166204,1.5267661950445228,1.5265828372722812,1.526397846053518,1.5262094776671153,1.5260183350879308,1.5258256528168745,1.525631821817639,0.12904160885553298,0.12914434507523873,0.1292473259059209,0.12935043174221514,0.12945365833482098,0.12955780450262666,0.1296638518968323,0.12977146106480975,0.12987993702505907,0.1299890596786784,0.0,0.0,0.0,0.0,0.0,0.0,0.0,0.0,0.0,0.0,0.6855970941461743,0.685242013996009,0.6845274419777689,0.6834443503699996,0.6819786360758545,0.00011548910261948832,0.010726195016734611,0.012520612144122468,0.013364646357349439,0.013733722356039906,1.5255105589558364,1.525447731926262,1.5253887083485642,1.5253466813027583,1.5253246777365952,0.1300573280222508,0.13005744024213414,0.13005744021352994,0.13005744026745417,0.13005744036483313,0.0,0.0,0.0,0.0,0.0,0.08393093467789814,0.08399126697612251,0.08411288042379744,0.08430135787384817,0.08456623095164682,0.9160690653226536,0.9160087330231874,0.9158871195763497,0.915698642126123,0.9154337690486031,1.749655123464968,1.7496551234649649,1.7496551234630022,13.044010571892253,13.043952521580854,13.043885552703088,107.89913818177868,107.8992035468865,107.89927895437027,1.7496551234649544,1.7496551234649649,1.7496551234649913,13.043347368322149,13.043281612778209,13.043205754873592,107.8980964943675,107.8981705356279,107.89825595222595,1.7496551234649789,1.7496551234649649,1.7496551234649549,13.042724221669618,13.042655433201993,13.042576076410107,107.89711658253049,107.89719403888685,107.89728339525952,1.749655123464982,1.7496551234649649,1.7496551234649371,13.04228051841343,13.042208401927336,13.042125205816474,107.89641884972316,107.89650005345453,107.89659373293063,1.7496551234651234,1.7496551234649649,1.749655123464993,13.042048204769992,13.041972005840986,13.04188410008062,107.89605353175669,107.89613933235094,107.89623831492946
0.045000000000000005,0.003641422201616721,0.01218861958140397,0.01544274896251447,0.01751207703035602,0.01907180503920075,0.020341409563659936,0.021421602915549127,0.022367328051681852,0.02321197402064528,0.023977448779392594,1.5273176068842074,1.5271380743301215,1.526954142167238,1.5267681748899629,1.526580800010545,1.5263923160304553,1.5262029028675368,1.5260126826266807,1.525821744429613,1.525630156733929,0.12903999549031506,0.12914106257876964,0.12924460627912152,0.12934929558109126,0.1294547772370787,0.12956088322434586,0.1296675122524717,0.1297745956032052,0.12988208309873528,0.12998993620525104,0.0,0.0,0.0,0.0,0.0,0.0,0.0,0.0,0.0,0.0,0.6779685230877621,0.6775060270483486,0.6765735467405594,0.6751556451763004,0.6732279010822565,0.00014910540629667988,0.011377450888746326,0.013308216063547618,0.014220671778949008,0.014622287369371812,1.5255104333235878,1.5254262300273278,1.5253454863413858,1.5252874032021,1.5252566971981767,0.13005733371325295,0.13005744087772156,0.13005744083386414,0.130057440932733,0.1300574411060225,0.0,0.0,0.0,0.0,0.0,0.08535158666058154,0.08545189543568942,0.08565605081297104,0.08597648254865772,0.08643458097841727,0.9146484133399682,0.9145481045636207,0.9143439491871761,0.9140235174513135,0.9135654190218162,1.749655123464968,1.7496551234649649,1.749655123463007,13.044009211214087,13.043933574674435,13.04384631770618,107.8991365422414,107.89922170958077,107.89931996161425,1.7496551234649544,1.7496551234649649,1.7496551234649913,13.043120258780078,13.04303366183411,13.042933760556224,107.89773936106047,107.89783686990374,107.89794935952948,1.7496551234649789,1.7496551234649649,1.7496551234649549,13.042267805185508,13.042176373794803,13.042070895331697,107.89639885912412,107.89650181159026,107.89662058117047,1.749655123464982,1.7496551234649649,1.7496551234649371,13.041654593180048,13.041557540978118,13.041445578149798,107.89543457028171,107.89554385182555,107.89566992285206,1.7496551234651234,1.7496551234649649,1.7496551234649027,13.041330398027487,13.041226165003426,13.04110591812653,107.89492476682804,107.89504213403416,107.89517753296461
0.05600000000000001,0.012577067566652982,0.01808263827536711,0.020523297353159553,0.022190845653315597,0.0234852275927351,0.024555431842055983,0.025474447350534557,0.026283837445701962,0.027009672464019793,0.027669452033671847,1.527316170878339,1.5271347892320772,1.5269503817364458,1.5267643769674994,1.5265772050200435,1.5263890912743987,1.5262001780884002,1.526010564709788,1.5258203249565352,1.525629516130097,0.12904080081240868,0.12914290265213027,0.12924670763280288,0.12935141166306904,0.1294567726665484,0.12956266375779707,0.12966900483447794,0.12977574001294515,0.12988282776938376,0.12999023584143457,-3.5836458936466583e-14,-3.1143291095764485e-12,-1.3689406697317433e-15,-6.562091565935073e-13,-1.581796555837149e-11,-3.5458274575253227e-12,-4.0536233406827805e-14,-2.6818729524955384e-13,-5.914491257513811e-13,-1.3587116157053095e-14,0.6721034511074638,0.6715369124182734,0.6703925932169146,0.6686471520820942,0.666263208137856,0.00016928668990466307,0.011915374758842728,0.013963022379475434,0.014935147471351513,0.015365762835284206,1.5255103115235633,1.52540437201847,1.5253009625071994,1.525225862811137,1.5251857904483972,0.13005733715732862,0.13005744149718784,0.13005744144557163,0.13005744160186952,0.13005744187343948,-3.480273572943766e-14,1.6808603783789977e-20,-1.485482792501677e-12,-1.6586255625394415e-13,-1.9934519998552524e-12,0.08670718914413905,0.08685512042477102,0.08715866907629201,0.08764067947963537,0.08834101502750644,0.9132928108564098,0.9131448795745396,0.9128413309238548,0.9123593205203351,0.9116589849727268,1.749655123464968,1.7496551234649649,1.749655123463007,13.044007861834828,13.043915191601185,13.043808283964546,107.89913462957708,107.89923897700757,107.89935935585792,1.7496551234649544,1.7496551234649649,1.7496551234649913,13.042889392818669,13.04278228471824,13.042658721052316,107.897376320614,107.89749692517859,107.89763605883951,1.7496551234649789,1.7496551234649649,1.7496551234649549,13.041797651387213,13.041683567221176,13.041551955720983,107.89565953343795,107.89578799310736,107.89593618869304,1.749655123464982,1.7496551234649649,1.7496551234649376,13.041004794095517,13.04088223166922,13.040740839350267,107.89441274866485,107.89455075492205,107.89470996378668,1.7496551234651234,1.7496551234649649,1.7496551234649027,13.040581707950402,13.040447952033228,13.040293646510124,107.89374743717941,107.89389804739551,107.89407179662972
0.067,0.01335798924281392,0.01921037381038962,0.02180162393497857,0.02356924363330561,0.024939061884406272,0.026069820494906387,0.02703934569161764,0.027891991336438868,0.028655601544344496,0.029348882310733074,1.5273164253790599,1.5271354215032553,1.526951193851893,1.5267652620725827,1.5265780844583912,1.5263899014049533,1.526200864841534,1.526011080723593,1.525820627798857,1.525629567212072,0.1290406547041317,0.12914253808517726,0.12924623585941894,0.12935089274825434,0.12945625082355694,0.12956217475874862,0.12966857907433788,0.12977540412660848,0.12988260559574952,0.1299901490698118,-3.589426058168087e-14,-3.1216672541209544e-12,-1.3726171799549171e-15,-6.58109776096899e-13,-1.597851690286157e-11,-1.6490398352470482e-13,-2.555294217246782e-13,4.789590274892575e-19,-5.137963648745751e-13,-2.262973061616739e-12,0.6673629886794442,0.6666956313618169,0.6653453099196701,0.6632793948105334,0.6604450046301426,0.00017862951886852562,0.012377200028920711,0.01452861229144931,0.015554532025695532,0.01601180871756019,1.5255101981119963,1.5253822095247376,1.5252552618127142,1.5251622344425804,1.525112149299684,0.13005733901162006,0.13005744210798392,0.13005744204880884,0.13005744227503807,0.1300574426707452,-1.9901653296020423e-12,-3.0552778399561095e-14,-2.0774720651647296e-12,-6.472577242447465e-13,-5.389297184128881e-11,0.08800241768766655,0.08820453014341711,0.0886222815768064,0.08929289669013243,0.09028237304353795,0.9119975823128824,0.9117954698558939,0.9113777184233405,0.910707103309838,0.909717626956695,1.749655123464968,1.7496551234649649,1.749655123463007,13.044006594538862,13.043897423102777,13.043771479100382,107.89913276277777,107.89925569067458,107.89939750461315,1.7496551234649544,1.7496551234649649,1.7496551234649913,13.042655315720566,13.042528042726389,13.04238121613091,107.89700823050826,107.89715154090204,107.89731686880488,1.7496551234649789,1.7496551234649649,1.7496551234649549,13.041315080303006,13.041178374501051,13.041020665887272,107.89490068124199,107.89505461305161,107.89523219419276,1.749655123464982,1.7496551234649649,1.7496551234649376,13.040332962984523,13.040184372634974,13.040012953589745,107.8933562811797,107.89352359508352,107.89371661427846,1.7496551234651234,1.7496551234649649,1.7496551234649027,13.03980416111265,13.039639428251284,13.039449386637552,107.89252472968262,107.89271022018187,107.8929242085356
0.07800000000000001,0.013953880588784232,0.02007567908857823,0.02278674466793095,0.024636049597425252,0.026069089021805877,0.027251952095869208,0.028266075495806342,0.029157875800364996,0.029956495364334843,0.030681514490188928,1.5273166319134281,1.5271359385471839,1.526951865278367,1.5267660006083137,1.5265788239000482,1.5263905866795284,1.526201447938884,1.5260115185754566,1.5258208810113303,1.5256295992504183,0.12904053559653586,0.1291422383740864,0.12924584325644467,0.12935045628636474,0.12945580770015744,0.12956175592036706,0.12966821150027344,0.12977511201975167,0.12988241109247134,0.129990072703444,-3.593824044468094e-14,-3.1272884417713398e-12,-1.3754444075059008e-15,-6.595882352910474e-13,-1.5659279933432645e-11,-5.473255816990906e-13,2.861303490156287e-19,-7.745060352720912e-13,5.218492668881058e-19,-2.242061312434403e-12,0.6634021192676465,0.6626370259506724,0.6610863158982806,0.6587067917634604,0.6554276298855061,0.0001859941408633627,0.012784316653846921,0.015029819189425662,0.016105237716011724,0.016587494155989396,1.5255100843737763,1.525359751582589,1.5252084457668227,1.5250966144224178,1.525035880487621,0.13005734070414782,0.1300574427043365,0.1300574426437402,0.13005744295149615,0.1300574434898075,-1.9881664135503998e-12,-3.069670398105007e-14,-2.089105548061015e-12,-6.514422767224721e-13,-5.426560625318411e-11,0.08924147995032736,0.08950339650396975,0.09004836479308437,0.09093223549998529,0.0922556707119309,0.9107585200502216,0.9104966034953409,0.9099516352070627,0.9090677644999849,0.9077443292883017,1.749655123464968,1.7496551234649649,1.749655123463007,13.044005324329678,13.043880155470854,13.043735756279808,107.8991308727341,107.89927181385491,107.89943440848124,1.7496551234649544,1.7496551234649649,1.7496551234649913,13.042418122881157,13.042271038177116,13.042101356097419,107.89663524076754,107.89680085930264,107.89699192266072,1.7496551234649789,1.7496551234649649,1.7496551234649549,13.04082074195111,13.040661475288719,13.040477739674078,107.89412332473576,107.89430266025192,107.89450954800101,1.749655123464982,1.7496551234649649,1.7496551234649376,13.039640118175882,13.039465027815613,13.039263037427427,107.89226676917222,107.89246392229681,107.89269136506469,1.7496551234651234,1.7496551234649649,1.7496551234649027,13.038998887306454,13.03880174964965,13.038574324725959,107.89125842093729,107.89148039949141,107.89173648174656
0.08900000000000001,0.01445986692773927,0.02081141811780642,0.023624980510546036,0.025544367937596024,0.027031800912815228,0.02825961618552714,0.02931231628325847,0.0302380684566977,0.031067114348972698,0.03181977083506857,1.527316810491626,1.5271363863585745,1.526952448052105,1.5267666424915471,1.5265794668013095,1.526391182084649,1.5262019531401119,1.5260118950960337,1.525821093561252,1.525629614985553,0.12904043221963304,0.12914197762844137,0.12924550050375458,0.12935007414926525,0.12945541878899156,0.12956138752339316,0.1296678875795774,0.1297748541721015,0.12988223915618693,0.12999000514907902,-1.1182224949896003e-12,-2.4465380989680556e-13,-7.692461018080537e-13,-2.4666000373561776e-12,-4.290707929421544e-14,-3.694710109897256e-11,-3.7667040297711156e-12,-1.7978435003181036e-11,-3.754296807511887e-13,-8.984001301276377e-13,0.6600132128993351,0.6591533321814976,0.6574076334904504,0.6547211689903729,0.6510028286009611,0.00019223728597793748,0.013149856167722001,0.015482019821987072,0.01660365004005935,0.0171096193522292,1.525509970082758,1.5253370187654,1.5251605766161191,1.5250290926763594,1.524957080675012,0.130057342302562,0.13005744328893254,0.13005744323059942,0.13005744367588892,0.13005744435374536,-3.5564848485266796e-13,-7.765093787825266e-14,-3.0133359468015774e-17,-5.710906083236506e-10,-3.0110031416840005e-10,0.09042817696503455,0.09075471169300309,0.09143832760521071,0.09255793213570819,0.09425809603594626,0.9095718230355161,0.9092452883063081,0.9085616723949365,0.9074420678642616,0.9057419039642839,1.749655123464968,1.7496551234649649,1.7496551234630071,13.04400404939377,13.043863364815746,13.043701066146108,107.89912896273471,107.8992873746786,107.89947012425985,1.7496551234649544,1.7496551234649649,1.7496551234649913,13.042178031606166,13.042011490626171,13.041819363103292,107.89625769313798,107.89644521959306,107.89666155669694,1.7496551234649778,1.7496551234649649,1.749655123464956,13.040315294070847,13.040133550261283,13.039923884220338,107.89332849819863,107.8935331431596,107.89376922877297,1.7496551234649833,1.7496551234649649,1.7496551234649373,13.038927204866665,13.038725181375094,13.038492119980845,107.89114569899623,107.89137317903872,107.8916356080041,1.7496551234651234,1.7496551234649649,1.7496551234649014,13.03816690607265,13.037935957700515,13.037669527548296,107.889950114192,107.89021016387785,107.89051016632752
0.1,0.01490157686313485,0.021454413193827508,0.02435799905294116,0.026339071177012847,0.02787448636001559,0.029142037160543567,0.030228903770595297,0.031184779547009742,0.03204086618716126,0.032818129007755006,1.5273169689259887,1.527136784137022,1.5269529666035646,1.526767214158126,1.5265800395558051,1.5263917120211659,1.526202401568949,1.5260122270316558,1.5258212765736168,1.5256296187537348,0.12904034017834218,0.12914174499701508,0.12924519386288055,0.12934973145407422,0.12945506925524333,0.12956105580788072,0.12966759538457745,0.1297746211923268,0.12988208357657477,0.12998994399137948,-1.1192267910903623e-12,-2.449766009655383e-13,-7.703985957081093e-13,-2.470591917523881e-12,-4.2980602965581666e-14,-3.701350541132945e-11,-3.7737732971739785e-12,-1.80136053939711e-11,-3.7619461109904697e-13,-9.002889764840598e-13,0.6570615654477058,0.6561097188302336,0.6541742268214013,0.6511872988508233,0.6470352899088161,0.00019767714912423336,0.013482590092661987,0.015895497877133326,0.01706072764878074,0.01758941786393006,1.5255098552725257,1.525314028658007,1.5251117061757609,1.5249597420796865,1.5248758281474415,0.13005734383027912,0.13005744386223084,0.13005744380968226,0.13005744435838149,0.13005744522353826,-3.5547262069162084e-13,-7.793050946640778e-14,-3.026679012684863e-17,-5.738191970629464e-10,-3.027339039982684e-10,0.09156595499062009,0.09196122071161951,0.09279351528639433,0.09416934318884078,0.09628700625559496,0.9084340450099306,0.9080387792876913,0.9072064847137532,0.9058306568111301,0.9037129937446348,1.749655123464968,1.7496551234649649,1.7496551234630071,13.044002770313117,13.043847031038995,13.043667364743332,107.89912703772772,107.89930240137691,107.89950470704079,1.7496551234649544,1.7496551234649649,1.7496551234649913,13.041935227594454,13.041749584864398,13.041535420891863,107.89587587959487,107.89608491477094,107.89632606509065,1.7496551234649778,1.7496551234649649,1.749655123464956,13.039799284184415,13.039595165133461,13.039359686228314,107.89251706266037,107.89274690231929,107.89301205342099,1.7496551234649833,1.7496551234649649,1.7496551234649373,13.038195004815568,13.037965649311383,13.037701056747572,107.8899943000167,107.8902525561207,107.89055048943135,1.7496551234651234,1.7496551234649649,1.7496551234649014,13.037309050513747,13.037042904870647,13.036735869910638,107.88860111954392,107.88890080163408,107.88924652541711
0.2,0.017566092314092493,0.025342563752132553,0.02879449692984746,0.031151579626712896,0.032979616918064766,0.03448959411670822,0.035784979725779424,0.036924759034049744,0.0379459728691073,0.03887351332196014,1.527317969282045,1.5271393033453309,1.5269562631233906,1.5267708527146926,1.5265836783816302,1.5263950585338537,1.5262051942753585,1.5260142261155345,1.5258222582940277,1.5256293718160578,0.129039750857084,0.12914024689410103,0.12924320228451755,0.12934749028996897,0.12945277005817343,0.12955886260219704,0.12966565479378755,0.12977306770902644,0.12988104269634726,0.12998953424498652,-1.125524752293641e-12,-2.470273402769637e-13,-7.778638371074338e-13,-2.4969406027855776e-12,-4.346525912110292e-14,-3.745090400987466e-11,-3.820017776046404e-12,-1.82408438493943e-11,-3.810457720104049e-13,-9.121848367279774e-13,0.640539038538639,0.6388620633546365,0.6354089358951688,0.6299575108964763,0.6221011583148346,0.0002299340582159859,0.015671997152619032,0.01866383449120929,0.020156910310838584,0.02086706049886169,1.5255087913380958,1.5250952470689456,1.5246274807765752,1.5242539796162418,1.5240336350032,0.13005735591571613,0.1300574486219755,0.1300574487313771,0.13005745062763535,0.13005745421311363,-3.561980216469695e-13,-7.995718931918952e-14,-3.110170503058049e-17,-5.919837799683877e-10,-3.129718503084333e-10,0.1001162402206981,0.10124385740720303,0.10371798905470773,0.1081002812925833,0.11557721244495858,0.8998837597798527,0.8987561425921082,0.8962820109454402,0.8918997187074028,0.8844227875553192,1.749655123464968,1.7496551234649649,1.7496551234630071,13.043990997002243,13.043716529658365,13.043399894492108,107.89910908815646,107.89941814054724,107.8997746742381,1.7496551234649544,1.7496551234649649,1.7496551234649913,13.039624828265971,13.039280946225514,13.038884231827673,107.89224273447596,107.89262994836174,107.89307665189804,1.7496551234649778,1.7496551234649649,1.749655123464956,13.034687022724055,13.034285949386748,13.033823257100499,107.88447793058286,107.88492954231931,107.88545053747757,1.7496551234649833,1.7496551234649649,1.7496551234649373,13.030744569639793,13.03025287530646,13.029685639456893,107.87827834226452,107.8788319939562,107.87947070599007,1.7496551234651234,1.7496551234649649,1.7496551234649014,13.028418447396994,13.027771529427893,13.02702522214118,107.87462047101437,107.87534890574237,107.87618925362474
0.34444444444444444,0.019791404769617427,0.028602822278447466,0.03252034430392452,0.03519724774934165,0.03727453493202542,0.03899126247643837,0.040464677391676133,0.04176162717955646,0.04292409464750367,0.04398029617306211,1.5273188813564686,1.5271416118478554,1.5269593043512109,1.526774215850433,1.5265870294128876,1.5263981035202085,1.526207664374876,1.526015869808628,1.5258228367633753,1.5256286559586858,0.12903919901896396,0.12913882974851656,0.12924128973068336,0.12934531158264073,0.1294505117391833,0.12955668893256053,0.12966371608121557,0.12977150463426265,0.12987998888151944,0.1299891179161157,-1.1307792638185484e-12,-2.4875146630846425e-13,-7.841434282818952e-13,-2.518989853037566e-12,-4.3874546993884784e-14,-3.782151434569449e-11,-3.8593854817559524e-12,-1.8435417083975838e-11,-3.852359632727317e-13,-9.22612889391676e-13,0.6292281978651422,0.626764610540819,0.6216220364846313,0.6132915342057117,0.6007451028781519,0.0002561698180384193,0.017675387702071593,0.021274346679794436,0.023137650518121448,0.024073389892148554,1.5255072080669332,1.5247562138348878,1.5238255363491866,1.5230310709299621,1.522525393664198,0.13005737049932192,0.13005745440984665,0.130057454879986,0.1300574595972389,0.13005747014513389,-3.5046669650877076e-13,-8.191098373987405e-14,-3.2139848199178396e-17,-6.151347240685372e-10,-3.262503671119729e-10,0.10868151671793695,0.11093815149027672,0.11609049642232308,0.12587499288190843,0.1444859196991452,0.8913184832826138,0.8890618485090084,0.8839095035778256,0.8741250071186398,0.8555140803011353,1.749655123464968,1.7496551234649649,1.7496551234630071,13.043973682178484,13.04357037653526,13.043105108982516,107.899082358609,107.8995364839395,107.90006037886809,1.7496551234649544,1.7496551234649649,1.7496551234649913,13.03604513611207,13.035513916307913,13.034901082487204,107.88661359943754,107.88721175712064,107.88790181282913,1.7496551234649778,1.7496551234649649,1.749655123464956,13.026222420450969,13.025561548865166,13.024799144196223,107.87116717251556,107.87191131912586,107.8727697927874,1.7496551234649833,1.7496551234649649,1.7496551234649373,13.017838930485887,13.016943838532555,13.015911229022608,107.85798396360686,107.8589918441956,107.8601545706361,1.7496551234651234,1.7496551234649649,1.7496551234649014,13.012502244046471,13.011128870604157,13.0095444987729,107.84959192501181,107.85113835432384,107.85292236948355
0.48888888888888893,0.021323680042804376,0.03085479873871325,0.03509713176625012,0.037997483619274706,0.04024912608621737,0.04211063337066526,0.043708834484877834,0.04511604570541908,0.046377688001309855,0.04752429072379616,1.5273195629052094,1.5271433440978177,1.5269615996514476,1.526776757738814,1.5265895528711757,1.5264003700065085,1.5262094516735134,1.5260169667734742,1.525823040202591,1.525627768625123,0.12903877646548398,0.12913773522502744,0.12923979351661502,0.12934358952500238,0.12944871131812896,0.12955494303803175,0.1296621486121331,0.1297702333992723,0.12987912731633475,0.12998877619237362,-1.1344832663325777e-12,-2.499841444149036e-13,-7.887081887083777e-13,-2.5351390749026947e-12,-4.4179576738910455e-14,-3.809948541426193e-11,-3.888969589110647e-12,-1.8581304200457643e-11,-3.8835462180901286e-13,-9.306316736192027e-13,0.6229002205772566,0.6198494041502287,0.6134156370926688,0.6027822687810079,0.5861698752420175,0.00027386613116037824,0.019117032221098534,0.02319981048517219,0.025374563876273647,0.026514675942114357,1.525505585422301,1.524398391511735,1.5229293516880769,1.5216090931522614,1.5207165405350067,0.13005738336896555,0.1300574593569546,0.13005746012657707,0.1300574681795916,0.13005748875416115,-3.540987102817633e-13,-8.306357339758606e-14,-4.3476953912567315e-17,-6.357198765162549e-10,-3.366909479704215e-10,0.1146843934565673,0.1179810399186984,0.1257204996508993,0.14117260410985058,0.17307138530817714,0.8853156065439837,0.8820189600805867,0.8742795003492493,0.858827395890698,0.8269286146921031,1.749655123464968,1.7496551234649649,1.7496551234630071,13.043956098944603,13.043456586072427,13.042880330481893,107.89905503979483,107.89961749522281,107.90026636355607,1.7496551234649544,1.7496551234649649,1.7496551234649913,13.03226769860807,13.031585049470436,13.030797521452946,107.88067350369927,107.88144217200445,107.88232893475433,1.7496551234649778,1.7496551234649649,1.749655123464956,13.01676587354083,13.015873737373616,13.014844537762327,107.85629655889579,107.85730111124612,107.85845999811389,1.7496551234649833,1.7496551234649649,1.7496551234649373,13.002838863019546,13.001531892042559,13.000024124427132,107.8343960510017,107.83586771061483,107.83756546882424,1.7496551234651234,1.7496551234649649,1.7496551234649014,12.993423292923417,12.991142707367366,12.9885117437835,107.8195898927699,107.82215785006674,107.82512033578232
0.6333333333333333,0.022516007957215284,0.03261123558935815,0.037108788695106226,0.040184918148691615,0.04257385010569566,0.04454945459325553,0.046246071028172686,0.047740302642431044,0.04908026602244979,0.05029830459888607,1.5273201302198935,1.5271447905960076,1.5269635249181914,1.526778892077638,1.5265916653303,1.526402249232508,1.5262108981521074,1.5260177888226152,1.525823051604617,1.5256267871039018,0.12903841784340173,0.12913680019986992,0.12923850286462318,0.12934209254064877,0.12944713613072098,0.1295534070868381,0.1296607628897462,0.12976910464321204,0.1298783593027258,0.12998847056853235,-1.1372900359418114e-12,-2.509129926634327e-13,-7.920755911301072e-13,-2.5469097770948405e-12,-4.4396998138064514e-14,-3.829527087122894e-11,-3.909656294535428e-12,-1.8683193484370195e-11,-3.905477387997994e-13,-9.358969362758694e-13,0.618738629098292,0.6152294490042846,0.6077695650855017,0.5952390550346389,0.5750452663283114,0.000287430009535743,0.020264378127740113,0.024760335627554596,0.027211112413194457,0.02854198789996771,1.5255039318208314,1.5240270164458942,1.5219568935971333,1.5200171780526066,1.5186392731896725,0.13005739522873752,0.13005746377176491,0.13005746469477894,0.13005747627244657,0.1300575093365952,-3.5111973113029243e-13,-8.429838979467533e-14,-4.445614313445783e-17,-6.526924684905323e-10,-3.465086474133494e-10,0.11917196779661753,0.12338754213536031,0.1334944812409117,0.1544641417545527,0.20067548557019302,0.8808280322039332,0.8766124578639249,0.8665055187592371,0.8455358582459956,0.7993245144300878,1.749655123464968,1.7496551234649649,1.7496551234630071,13.043938286193496,13.0433636646125,13.042700760977908,107.8990272708992,107.89967429932483,107.90042073403808,1.7496551234649544,1.7496551234649649,1.7496551234649913,13.02834778672627,13.027539247200023,13.02660648760939,107.87450936287132,107.87541978474552,107.8764700793905,1.7496551234649778,1.7496551234649649,1.749655123464956,13.006507660729543,13.005408537564822,13.00414055048454,107.8401653076837,107.84140292902327,107.84283069246169,1.7496551234649833,1.7496551234649649,1.7496551234649373,12.98605421393936,12.984337546776276,12.982357139253445,107.80800184520872,107.80993482595389,107.81216478042126,1.7496551234651234,1.7496551234649649,1.7496551234649014,12.971526219860365,12.96818360754812,12.964327452603557,107.78515630515629,107.78892011294451,107.79326217378116
0.7777777777777779,0.023502303707739338,0.034066898478747054,0.038777244055195045,0.04200007197764696,0.04450367353177066,0.04657464377388846,0.04835357101379575,0.04992062581526531,0.05132616810949116,0.05260405102282818,1.5273206277545712,1.5271460625050823,1.526965224101512,1.5267807774009863,1.5265935265535682,1.5264038914148987,1.5262121353527498,1.5260184408573896,1.525822942134812,1.5256257424098134,0.12903809819330128,0.1291359623330694,0.1292373372156164,0.12934073213513408,0.12944569729230257,0.1295519978926263,0.12965948658365428,0.12976806139313488,0.12987764723468778,0.12998818643060134,-1.1396668761444663e-12,-2.5170488229956857e-13,-7.949775520187582e-13,-2.557118068306575e-12,-4.4586294145115237e-14,-3.8466134868403554e-11,-3.927738020605474e-12,-1.8772161665025056e-11,-3.9245969269653425e-13,-9.40583469419179e-13,0.6157441120009549,0.6118643648668319,0.6035629025185074,0.5894299572618272,0.5660348109078032,0.00029851429135059545,0.02122662456798551,0.026088627479554618,0.0287912160740352,0.030303222245273768,1.5255022521435224,1.5236452215373675,1.520919565067363,1.5182743554564897,1.5163149332050905,0.13005740642500488,0.13005746784228006,0.13005746875520108,0.13005748387875732,0.13005753137724008,-3.5041045835949245e-13,-8.533062374013577e-14,-4.5256798562655523e-17,-6.671719204922461e-10,-3.5533110758115244e-10,0.12268653032828834,0.1277106032333721,0.13995830254871483,0.16616571310017628,0.22712258460708057,0.8773134696722629,0.8722893967659135,0.8600416974514342,0.8338342869003723,0.7728774153932002,1.749655123464968,1.7496551234649649,1.7496551234630071,13.043920265189632,13.043284913626072,13.042551949750965,107.89899912034147,107.89971453120575,107.90053985430157,1.7496551234649544,1.7496551234649649,1.7496551234649913,13.024318471305936,13.023402659676238,13.022346147220025,107.86817318196798,107.86920439307549,107.87039403442175,1.7496551234649778,1.7496551234649649,1.749655123464956,12.995568698429054,12.994282426064728,12.992798537095728,107.82296356284193,107.82441191565421,107.82608278631967,1.7496551234649833,1.7496551234649649,1.7496551234649373,12.967688092727713,12.965568205489616,12.963122629128511,107.7791207403884,107.78150775011369,107.78426148835644,1.7496551234651234,1.7496551234649649,1.7496551234649014,12.94704121545273,12.942501988516629,12.937265376920921,107.74665314138282,107.75176434666157,107.75766081255927
0.9222222222222223,0.02434889172276178,0.035318369846224315,0.040212602191947514,0.04356230888902472,0.04616515777122836,0.04831871921259535,0.050168971735253524,0.05179916333588214,0.05326158939938345,0.05459140566983748,1.527321077653574,1.5271472152381278,1.5269667690017386,1.5267824928306082,1.5265952163365488,1.5264053716645698,1.526213229168571,1.5260189756026163,1.5258227478361983,1.525624650733003,0.1290378050929874,0.1291351905883944,0.1292362564655817,0.1293394642639795,0.1294443505779773,0.1295506740812641,0.12965828373497068,0.12976707534051196,0.12987697244203053,0.12998791654110725,-1.1416422942303327e-12,-2.5236385345839534e-13,-7.973683038864468e-13,-2.565522964246419e-12,-4.474292653766043e-14,-3.860870281813943e-11,-3.9429778785649075e-12,-1.8848084895249806e-11,-3.9410665295787747e-13,-9.44642929995315e-13,0.6134590893716199,0.6092712822835005,0.6002618204152241,0.5847469675347782,0.5584528786198503,0.00030793093003976513,0.022060345318560666,0.027254389704050665,0.0301913248594208,0.03187759530731385,1.5255005496625822,1.5232550390498358,1.5198250766035595,1.516393507132208,1.513757649544775,0.13005741715609215,0.13005747168706833,0.1300574724335347,0.13005749104042602,0.13005755450083084,-3.4966126217714815e-13,-8.621576303323498e-14,-4.595098136959598e-17,-6.801422258671731e-10,-3.6340117238093025e-10,0.12553722698158176,0.13127713650601106,0.14546298948729647,0.1766038315640253,0.2524200278084689,0.8744627730189694,0.8687228634932744,0.8545370105128526,0.8233961684365234,0.747579972191812,1.749655123464968,1.7496551234649649,1.7496551234630071,13.04390205151549,13.04321620943953,13.04242499793626,107.89897063125605,107.89974289483493,107.9006338052188,1.7496551234649544,1.7496551234649649,1.7496551234649913,13.020201208369107,13.019192085180597,13.018027925233465,107.86169870127418,107.86283498193133,107.86414583519988,1.7496551234649778,1.7496551234649649,1.749655123464956,12.984030882986643,12.982573566597225,12.980892355234687,107.80482010832105,107.80646105805135,107.80835411528524,1.7496551234649833,1.7496551234649649,1.7496551234649373,12.947878674236346,12.945363379859016,12.942461647937234,107.74797001957593,107.75080226085183,107.75406963384714,1.7496551234651234,1.7496551234649649,1.7496551234649014,12.920122547815252,12.914267478932116,12.907512865859056,107.70432299108337,107.71091584475457,107.71852159226923
1.0666666666666667,0.025093834632880996,0.03642113059630115,0.041478134465671015,0.04494023707325194,0.04763106086022004,0.049857874393975384,0.051771419609508935,0.053457664305954104,0.054970614542404005,0.05634657748986721,1.527321492680339,1.52714828075166,1.526968201042652,1.526784084034871,1.5265967807672043,1.5264067334104865,1.5262142177692353,1.5260194237062745,1.5258224898260577,1.5256235218492888,0.1290375313893939,0.12913446709129334,0.12923523752426613,0.12933826357835262,0.12944307054639068,0.12954941186251054,0.12965713367742965,0.12976613022472264,0.12987632420799117,0.12998765675317833,-1.1433422496132086e-12,-2.529565005821247e-13,-7.995401246922361e-13,-2.573218055954655e-12,-4.4791735125782673e-14,-3.8739799551685415e-11,-3.95694030283754e-12,-1.891719028053759e-11,-3.95597222070772e-13,-9.482403947788308e-13,0.611641209018923,0.6071914946854415,0.5975739688836492,0.5808466516333908,0.5518979028302772,0.0003161427860958913,0.02279902452068729,0.02829935641802911,0.031457695652585514,0.03331351055553888,1.5254988267783411,1.5228578717113974,1.5186788964139737,1.5143835427356303,1.5109764989061742,0.13005742754531543,0.1300574753835463,0.1300574758223492,0.13005749781052958,0.13005757843036322,-3.4920085225425e-13,-8.704524383109217e-14,-4.662382764427101e-17,-6.926749614200333e-10,-3.712781073852261e-10,0.12791330766090248,0.13429287519754562,0.15024352032953964,0.1860276447991341,0.2766417276404812,0.8720866923396491,0.8657071248017396,0.8497564796706092,0.8139723552014151,0.7233582723598002,1.749655123464968,1.7496551234649649,1.7496551234630071,13.043883658122313,13.043154887572925,13.042314152275209,107.89894183493348,107.89976243631152,107.90070911087795,1.7496551234649544,1.7496551234649649,1.7496551234649913,13.016010810769002,13.014919122686349,13.013659712977857,107.8551092144577,107.85633846383622,107.85775656908639,1.7496551234649778,1.7496551234649649,1.749655123464956,12.971952415709243,12.970337193378779,12.968473816177326,107.78582646704417,107.78764522010857,107.78974339751221,1.7496551234649833,1.7496551234649649,1.7496551234649373,12.92672221253096,12.923819293138383,12.920470383386602,107.71470104444842,107.7179697545457,107.72174065330015,1.7496551234651234,1.7496551234649649,1.7496551234649014,12.890871431973109,12.883592850288077,12.875196022857397,107.65832501687032,107.66652075716915,107.67597565098471
1.2111111111111112,0.02576115258224972,0.03741022234342513,0.04261381523918485,0.04617721096781073,0.048947366088549736,0.05124026928196447,0.0532109458345875,0.054947809422504386,0.05650640459674577,0.057924074133642534,1.5273218809318816,1.5271492793228338,1.5269695465157773,1.5267855800079178,1.5265982491189636,1.5264080042572954,1.5262151254474603,1.5260198047214804,1.525822181651695,1.5256223621600704,0.1290372725469486,0.12913378050884833,0.12923426575535665,0.12933711401565287,0.12944184108245632,0.12954819617335125,0.129656023331868,0.12976521576019573,0.12987569575881838,0.12998740445167487,-1.145210702046053e-12,-2.5360842862135246e-13,-8.021457877597396e-13,-2.5830486918890228e-12,-4.498434472451375e-14,-3.8922421873552256e-11,-3.977004923747691e-12,-1.9018864039178437e-11,-3.978240408943691e-13,-9.541966624435516e-13,0.6101490461476956,0.6054725464520394,0.5953238251681077,0.5775172502658596,0.546113932737214,0.00032344023702908053,0.023464268594300085,0.02925071506496749,0.03262075415932885,0.03464315513233251,1.5254970852556808,1.5224547117929252,1.51748497859301,1.5122505529759973,1.5079766816832,0.13005743767435363,0.13005747898403097,0.13005747899099412,0.1300575042422718,0.1300576029583792,-3.6996376610385515e-13,-8.777992882340581e-14,-4.716467114844359e-17,-7.050556448478522e-10,-3.797488109110048e-10,0.1299372605404916,0.1368939121902643,0.15446292355035876,0.1946272390615881,0.29988163683003677,0.8700627394600594,0.8631060878090208,0.8455370764497903,0.8053727609389615,0.7001183631702446,1.749655123464968,1.7496551234649649,1.7496551234630071,13.043865095226467,13.043099152000295,13.042215532997261,107.89891275428558,107.89977521239042,107.90077017434679,1.7496551234649544,1.7496551234649649,1.7496551234649913,13.0117577600542,13.010591973592556,13.009247081392038,107.8484212040654,107.84973388880196,107.85124824801122,1.7496551234649778,1.7496551234649649,1.749655123464956,12.959375501414433,12.957613182337054,12.955580109163014,107.76604900707154,107.76803339223059,107.77032264863534,1.7496551234649833,1.7496551234649649,1.7496551234649373,12.904285252221397,12.90100184046263,12.89721398135595,107.67941845790887,107.68311560540555,107.68738076458973,1.7496551234651234,1.7496551234649649,1.7496551234649014,12.859348523154766,12.850547403906655,12.840394123677312,107.60875460027421,107.61866472985777,107.63009740335643
1.3555555555555556,0.02636704143307922,0.03830929015789418,0.043646625741946936,0.047302498529098944,0.050145120334374564,0.052498423976638536,0.05452133720949271,0.0563045022400345,0.057904865487863444,0.0593607134280346,1.527322247875464,1.5271502246488857,1.5269708231846546,1.526787000346393,1.5265996411907974,1.5264092028981044,1.5262159686894405,1.5260201319724749,1.5258218326298336,1.5256211762140692,0.12903702550667845,0.12913312319790848,0.12923333129367723,0.12933600475603063,0.12944065133734495,0.12954701687870818,0.1296549439022812,0.12976432503243554,0.1298750825419314,0.12998715787803505,-1.146862900277884e-12,-2.5418209463304113e-13,-8.044034669984909e-13,-2.591480671402587e-12,-4.514815980952611e-14,-3.907671435935761e-11,-3.993863398787275e-12,-1.9103889140449287e-11,-3.9967876157150517e-13,-9.590486423929293e-13,0.6088940634257202,0.6040181872256918,0.5933987919952297,0.5746197515665857,0.5409277885482375,0.0003300180821787961,0.02407089409640552,0.030127254640516358,0.03370171554344848,0.03588924430310573,1.525495326544438,1.5220463120912004,1.5162463324969788,1.5099987681042908,1.5047606036835266,0.1300574475992612,0.13005748252478555,0.13005748199218398,0.1300575103853978,0.1300576279246803,-3.853527120708089e-13,-8.848509114523812e-14,-4.7760581566321494e-17,-7.166329528492508e-10,-3.8716978689659067e-10,0.13169200585381782,0.13917402695149822,0.1582379131735709,0.20254906667714997,0.32223499869115235,0.868307994146733,0.8608259730477867,0.8417620868265779,0.7974509333233997,0.6777650013091291,1.749655123464968,1.7496551234649649,1.7496551234630071,13.043846372218812,13.043047748932686,13.042126429064878,107.89888340859227,107.89978266470199,107.90082007812899,1.7496551234649544,1.7496551234649649,1.7496551234649913,13.007450010439984,13.00621693067893,13.004794406565003,107.84164717833032,107.84303563585242,107.8446374092078,1.7496551234649778,1.7496551234649649,1.749655123464956,12.946332362718033,12.944431922631143,12.94223950820988,107.74553839921262,107.74767830971751,107.75014698562228,1.7496551234649833,1.7496551234649649,1.7496551234649373,12.880614765344822,12.876957083412119,12.872737453089144,107.64219612455406,107.64631470321663,107.65106604019213,1.7496551234651234,1.7496551234649649,1.7496551234649014,12.825585398459879,12.815169127443857,12.803152551415682,107.55566139688429,107.56739020008202,107.58092095932645
1.5,0.026922975878964424,0.03913509734049857,0.04459569901340697,0.04833685743544385,0.05124634535071423,0.05365540723741027,0.05572656284893614,0.05755250574968973,0.05919147284974798,0.060682619394109655,1.5273225973955333,1.5271511264593631,1.5269720436660483,1.526788358971139,1.5266009710549244,1.5264103426347038,1.5262167592530995,1.5260204150045666,1.525821449502662,1.5256199674205628,0.12903678809881378,0.12913248974133343,0.12923242715481117,0.12933492814733077,0.12943949364635834,0.12954586682542754,0.12965388918691093,0.12976345317148272,0.12987448135514226,0.12998691579933314,-1.1485529392004873e-12,-2.5478304366700597e-13,-8.06887297153129e-13,-2.601048037135644e-12,-4.533791106986831e-14,-3.9257747018614375e-11,-4.013785480607381e-12,-1.9204649337152534e-11,-4.0187535390863614e-13,-9.650659037912189e-13,0.6078177704083978,0.6027643640960538,0.591722893836786,0.5720584457562133,0.5362168848984701,0.0003360136920963684,0.024629534297344432,0.030942546136546262,0.0347160356708823,0.03706855386667611,1.5254935518986423,1.5216332694392614,1.514965316685005,1.5076310593795479,1.5013284180219084,0.13005745735972732,0.1300574860315511,0.13005748486681348,0.13005751628443052,0.13005765320229096,-4.1250498202929886e-13,-8.913306446168387e-14,-4.8309173623974574e-17,-7.273671479204799e-10,-3.9425697868326043e-10,0.13323579659437695,0.14120008413130644,0.16165437346099662,0.20990749990831462,0.343791173663956,0.8667642034061738,0.8587999158679788,0.8383456265391522,0.7900925000922354,0.6562088263363254,1.749655123464968,1.7496551234649649,1.7496551234630071,13.043827498054068,13.042999776211515,13.042044887227169,107.89885381502889,107.89978583634232,107.90086104885891,1.7496551234649544,1.7496551234649649,1.7496551234649913,13.00309387002458,13.001799061451813,13.000305324812988,107.83479705691133,107.83625502156156,107.8379369807808,1.7496551234649778,1.7496551234649649,1.749655123464956,12.932848347810845,12.930817305324501,12.928474223388926,107.72433450407902,107.72662147391424,107.72925980262669,1.7496551234649833,1.7496551234649649,1.7496551234649373,12.855743468906692,12.851716737497334,12.847071358738333,107.6030854926284,107.60761962390808,107.61285035697551,1.7496551234651234,1.7496551234649649,1.7496551234649014,12.78959036143953,12.77747098387855,12.76348964433281,107.49905846416888,107.51270497874901,107.52844807718769
1.8,0.02795232135765165,0.040666336805538786,0.04635658713637914,0.050256774174982796,0.053291036474824804,0.05580421365644332,0.057965504948838203,0.05987141880855294,0.06158259224736681,0.06313979640576912,1.527323279298958,1.527152889627871,1.5269744369014326,1.5267910254114558,1.5266035766720305,1.5264125616484274,1.5262182683542618,1.5260208904224835,1.5258205652902452,1.5256173943546025,0.12903631929042705,0.1291312340520578,0.12923062523045162,0.12933277344204355,0.1294371685889717,0.12954355017556213,0.12965175893583164,0.12976168800998983,0.12987326152870907,0.12998642365605137,-1.1509939026330556e-12,-2.5560509395399943e-13,-8.098671405350954e-13,-2.611470238543524e-12,-4.553092404443101e-14,-3.943355654308303e-11,-4.032590353852223e-12,-1.9298327262754242e-11,-4.0390197698448536e-13,-9.699690682058115e-13,0.6059916620763064,0.6006226148497285,0.5888235402147433,0.5675367805442955,0.5275863244165959,0.00034701457901415334,0.02566864738270356,0.03248149037192891,0.03665737267390645,0.03935723032004483,1.5254898191988981,1.5207624449784074,1.512176726227207,1.502349372632787,1.4934989133217949,0.13005747722584274,0.13005749328226546,0.13005749056774824,0.13005752792842032,0.1300577062760798,-4.0971066871104674e-13,-9.02491504424956e-14,-4.942876940242318e-17,-7.499250694144395e-10,-4.078818402545442e-10,0.1359388163006281,0.1447952123089749,0.16786828878571422,0.22376309451082282,0.3863571920512578,0.8640611836999228,0.85520478769031,0.8321317112144343,0.7762369054897276,0.6136428079490225,1.749655123464968,1.7496551234649649,1.7496551234630071,13.043787844362802,13.042908390228206,13.041893821055101,107.89879161467952,107.89978188696122,107.90092429984037,1.7496551234649544,1.7496551234649649,1.7496551234649913,12.993911642559468,12.992502540051367,12.990876949915135,107.82035781288621,107.82194447340771,107.82377490070344,1.7496551234649778,1.7496551234649649,1.749655123464956,12.903514058380054,12.90123095241715,12.898597081203429,107.67820572057745,107.68077651587227,107.68374227560194,1.7496551234649833,1.7496551234649649,1.7496551234649373,12.800328080337264,12.795547168861617,12.790031741493962,107.51594363792627,107.52132698189989,107.52753739655257,1.7496551234651234,1.7496551234649649,1.7496551234649014,12.707620472993614,12.691695596648346,12.673324100068962,107.37015913131455,107.38809066749556,107.40877711732853
1.8333333333333335,0.02805798563523702,0.04082368497945379,0.04653761449669642,0.05045420955255517,0.0535013526084239,0.056025283072642235,0.05819588795124285,0.060110068535935715,0.06182870899719008,0.06339274688189506,1.527323351986598,1.5271530778612499,1.5269746929331163,1.5267913108569746,1.5266038552945906,1.5264127978919837,1.526218426764104,1.5260209353512277,1.5258204607256718,1.5256171038086659,0.12903626889436245,0.12913109870582737,0.129230430283701,0.1293325396491714,0.12943691570441554,0.12954329768189965,0.12965152632984103,0.1297614949472013,0.12987312790775535,0.12998636967298535,-1.1512500414887653e-12,-2.5569229426461797e-13,-8.101893826256349e-13,-2.6126179201280737e-12,-4.555248521708308e-14,-3.945337459582008e-11,-4.034717934558089e-12,-1.930892812954174e-11,-4.0413152691924006e-13,-9.70541077817881e-13,0.6058152248984432,0.6004146871048052,0.5885395091442361,0.5670873534847453,0.5267051843698598,0.00034813649282930696,0.02577564791922306,0.032641736925289586,0.03686176039208267,0.03960092342279461,1.525489400782039,1.5206647087157048,1.5118566068073205,1.5017323451248301,1.492569286638281,0.13005747940535464,0.13005749408891393,0.13005749118606535,0.13005752918199046,0.13005771219757806,-4.09816761065233e-13,-9.038059098136486e-14,-4.954678390493748e-17,-7.523429069675991e-10,-4.095281283338104e-10,0.13620563875903072,0.14515353860291194,0.16849874312269233,0.2252036497587837,0.3909236044117781,0.86379436124152,0.854846461396373,0.831501256877456,0.7747963502417665,0.609076395588502,1.749655123464968,1.7496551234649649,1.7496551234630071,13.043783402439388,13.042898787528374,13.041878264702362,107.89878464544218,107.89978072879875,107.90092984553796,1.7496551234649544,1.7496551234649649,1.7496551234649913,12.9928812418473,12.991460398991185,12.989821264777206,107.81873748627424,107.82033736652006,107.822183044554,1.7496551234649778,1.7496551234649649,1.749655123464956,12.900148214082048,12.897838437169925,12.895173797412594,107.67291286000366,107.67551368699735,107.67851409234945,1.7496551234649438,1.7496551234649649,1.7496551234656386,12.79386011593948,12.788996144730076,12.783384896736784,107.50577262886462,107.51124949875258,107.51756780818437,1.7496551234651234,1.7496551234649649,1.7496551234649014,12.697900968187566,12.68153141108097,12.662646915159643,107.35487501002903,107.37330726024938,107.3945713513815
1.8666666666666667,0.028162120625801847,0.040978785866454724,0.04671607130308248,0.05064885235279642,0.053708703187801514,0.05624324351556279,0.058423038551801754,0.060345376964217205,0.06207138665240246,0.06364216926634367,1.5273234241315663,1.5271532647422585,1.526974947224254,1.5267915943975967,1.5266041320020731,1.5264130323217782,1.526218583541125,1.5260209788815111,1.5258203550272427,1.5256168124025542,0.12903621879625282,0.1291309640933071,0.1292302362603558,0.1293323068381479,0.12943666376922386,0.12954304603883404,0.12965129442768417,0.1297613024085617,0.129872994611566,0.1299863158077038,-1.1515040567529085e-12,-2.5577891880416905e-13,-8.105106278850929e-13,-2.6137649389476254e-12,-4.557407087373762e-14,-3.947323682879425e-11,-4.0368515745774075e-12,-1.931956177300033e-11,-4.043617694747662e-13,-9.711173494771478e-13,0.6056431907293903,0.6002117757439481,0.5882618830889494,0.5666469056763299,0.5258373679436431,0.00034924083714440714,0.025881159420413545,0.03280009616825879,0.03706419268577594,0.039842851410630306,1.5254889816625279,1.5205667901592086,1.511534481561286,1.5011092818297045,1.491627465806089,0.13005748158002958,0.13005749489620877,0.13005749180230952,0.1300575304290242,0.13005771812082786,-4.0998921317246437e-13,-9.051043468315051e-14,-4.9663654735077074e-17,-7.547443139145135e-10,-4.1117429370384964e-10,0.13646677203995428,0.1455048437056622,0.169118869928056,0.22662697206755786,0.39546023925550017,0.8635332279605965,0.8544951562936229,0.8308811300720921,0.7733730279329923,0.6045397607447804,1.749655123464968,1.7496551234649649,1.7496551234630071,13.043778953580617,13.042889278506918,13.041862918099538,107.89877766504037,107.89977944617998,107.90093513608178,1.7496551234649544,1.7496551234649649,1.7496551234649913,12.991848951284716,12.990416534890619,12.988764049036797,107.8171141878297,107.81872709997043,107.82058781205598,1.7496551234649778,1.7496551234649649,1.749655123464956,12.89676161586178,12.894425401210421,12.891730261948702,107.66758736344704,107.67021795954331,107.67325270757756,1.7496551234649438,1.7496551234649649,1.7496551234656386,12.787330127916066,12.78238320181711,12.776676254150141,107.49550408634174,107.50107436408864,107.50750043210667,1.7496551234651234,1.7496551234649649,1.7496551234649014,12.688056799132786,12.671238230855735,12.651835739880426,107.33939485157337,107.35833269190783,107.3801800495502
1.9000000000000001,0.02826477584914451,0.041131711922060575,0.04689204028301667,0.05084079233506817,0.05391318343521522,0.05645819472553755,0.0586470603699282,0.060577451125989154,0.062310735298860366,0.06388817640536157,1.5273234957500894,1.5271534503123725,1.5269751998291266,1.5267918760936798,1.5266044068559943,1.5264132649964925,1.5262187387378778,1.5260210210568101,1.5258202482267795,1.5256165201540208,0.1290361689870505,0.12913083019148075,0.12923004313053593,0.12933207497607105,0.1294364127502908,0.12954279521531994,0.1296510632022952,0.12976111037265167,0.12987286162586428,0.12998626205444616,-1.1517564364584076e-12,-2.55865162307172e-13,-8.1083187481606e-13,-2.6149156060192425e-12,-4.55957721755928e-14,-3.949323341410075e-11,-4.039001405948109e-12,-1.9330279837607824e-11,-4.0459383333761473e-13,-9.717020710982682e-13,0.6054753617427262,0.600013659321927,0.5879903883102122,0.5662150703862054,0.5249823589763378,0.00035032819348447,0.02598522885705361,0.03295662914766954,0.03726474184060347,0.04008309943848381,1.525488561848273,1.520468692508907,1.5112103620206774,1.500480177227807,1.4906733668166265,0.13005748375002318,0.13005749570424982,0.13005749241672174,0.13005753166990083,0.13005772404505514,-4.102792186764712e-13,-9.063908170627145e-14,-4.978017923344821e-17,-7.571406483045669e-10,-4.12822892532942e-10,0.13672244665222663,0.145849403539809,0.16972905642787256,0.22803367073595554,0.39996781505073303,0.863277553348324,0.8541505964594766,0.8302709435722754,0.771966329264595,0.600032184949548,1.749655123464968,1.7496551234649649,1.7496551234630071,13.043774497851569,13.042879859358365,13.041847772975945,107.89877067358842,107.89977804357748,107.90094018097228,1.7496551234649544,1.7496551234649649,1.7496551234649913,12.990814804746293,12.989370975786532,12.987705323996188,107.81548797082093,107.81711373360048,107.81898927063423,1.7496551234649778,1.7496551234649649,1.749655123464956,12.893354391097969,12.890991963750512,12.888266584602075,107.66222943121306,107.66488954301158,107.66795834139643,1.7496551234649438,1.7496551234649649,1.7496551234656386,12.780738094277323,12.775708306763276,12.769905767258043,107.48513797577625,107.49080155612913,107.49733526130987,1.7496551234651234,1.7496551234649649,1.7496551234649014,12.678087197392937,12.660815290578586,12.640889812346941,107.32371744756553,107.34316575066326,107.36560199607504
1.9333333333333333,0.028365998078174887,0.04128253163164225,0.04706559966908969,0.05103011441951018,0.05411488347723493,0.05667023114361471,0.058868051558370854,0.06080639244792358,0.06254685930309858,0.06413087534104965,1.5273235668581218,1.5271536346116008,1.5269754507996456,1.526792156002572,1.5266046799144541,1.5264134959712703,1.5262188924034517,1.5260210619175025,1.5258201403536,1.5256162270792208,0.12903611945786989,0.12913069697816965,0.12922985086570188,0.12933184403173711,0.12943616261642152,0.12954254518229463,0.1296508326285132,0.1297609188197354,0.12987272893768204,0.12998620840821803,-1.1520076366939403e-12,-2.559512065061229e-13,-8.111540545853598e-13,-2.6160739427328924e-12,-4.5617673952378955e-14,-3.9513448152012165e-11,-4.04117680682795e-12,-1.93411297220512e-11,-4.04828739094635e-13,-9.722967120697846e-13,0.6053115520378088,0.599820129531662,0.5877247668177392,0.5657915009667084,0.5241396671200489,0.0003513991129634731,0.026087900935774753,0.03311139401584386,0.037463476906711875,0.040321749401408646,1.5254881413469008,1.5203704188426246,1.5108842591589569,1.4998450242061614,1.4897069011099697,0.13005748591550098,0.13005749651313112,0.13005749302952438,0.13005753290500224,0.13005772996950415,-4.1070963450569723e-13,-9.076624836363887e-14,-4.9895671502238975e-17,-7.595211497070532e-10,-4.144717547193464e-10,0.13697288060877297,0.14618747956251665,0.17032967101959298,0.2294243299886694,0.4044470321604281,0.8630271193917778,0.8538125204367686,0.8296703289805551,0.7705756700118813,0.5955529678398535,1.749655123464968,1.7496551234649649,1.7496551234630071,13.043770035315397,13.042870526473912,13.041832821486684,107.89876367119584,107.89977652523544,107.90094498922349,1.7496551234649544,1.7496551234649649,1.7496551234649913,12.989778834816281,12.988323748698084,12.98664511025446,107.81385888648788,107.81549732491648,107.81738748502411,1.7496551234649778,1.7496551234649649,1.749655123464956,12.889926661293531,12.8875382384429,12.884782869969124,107.65683925436814,107.65952863730796,107.66263120390931,1.7496551234649438,1.7496551234649649,1.7496551234656386,12.774083976718691,12.768971409984903,12.763073373464854,107.47467423693426,107.48043102734049,107.487072262912,1.7496551234651234,1.7496551234649649,1.7496551234649014,12.667991349363858,12.650261777281347,12.629808320324708,107.30784151859532,107.32780515638933,107.35083591000355
1.9666666666666668,0.028465831822869225,0.0414313101740628,0.04723682391971741,0.05121689943146912,0.05431388909617114,0.05687944265995385,0.05908610554130397,0.06103229747144966,0.06277985800577046,0.06437036796167378,1.5273236374708516,1.5271538176780293,1.5269757001852353,1.526792434178869,1.5266049512327744,1.5264137252986327,1.5262190445846266,1.5260211015020966,1.5258200314357167,1.5256159331936718,0.1290360702002535,0.12913056443226553,0.12922965943869652,0.12933161397545773,0.12943591333793986,0.12954229591211266,0.12965060268240533,0.12976072773103964,0.12987259653468072,0.1299861548642612,-1.1522580858819326e-12,-2.560372227112111e-13,-8.114780478815544e-13,-2.6172437527012463e-12,-4.562857336468934e-14,-3.953396063079825e-11,-4.0433866412715e-12,-1.935215675698791e-11,-4.0506746749115976e-13,-9.72904996288579e-13,0.6051515867293518,0.5996309902135945,0.5874647752100578,0.5653758694278258,0.5233088260886486,0.0003524541196444242,0.02618921824457362,0.033264446214352074,0.03766046390452767,0.040558880154099634,1.5254877201658381,1.5202719721241482,1.5105561834218328,1.499203814107073,1.4887279755625902,0.13005748807660952,0.13005749732294145,0.1300574936409349,0.13005753413470703,0.13005773589344047,-4.113351034697227e-13,-9.089215596745999e-14,-5.00103520046451e-17,-7.618914687477788e-10,-4.1612876800136506e-10,0.13721828029312408,0.1465193197417306,0.17092106446996289,0.23079951040507873,0.4088985734718916,0.8627817197074267,0.8534806802575543,0.8290789355301854,0.7692004895954722,0.5911014265283902,1.749655123464968,1.7496551234649649,1.7496551234630071,13.043765566033768,13.042861276428726,13.041818056184773,107.8987566579701,107.8997748951871,107.90094956939767,1.7496551234649544,1.7496551234649649,1.7496551234649913,12.988741072874816,12.98727487969611,12.985583427757442,107.8122269841764,107.81387792924261,107.81578251744658,1.7496551234649778,1.7496551234649649,1.749655123464956,12.886478542396626,12.884064333684677,12.881279217735777,107.65141701524335,107.65413543326609,107.6572714957587,1.7496551234649438,1.7496551234649649,1.7496551234656386,12.767367721147561,12.762172446196564,12.756178994572709,107.4641127847541,107.46996270526427,107.47671137899411,1.7496551234651234,1.7496551234649649,1.7496551234649014,12.657768396244695,12.639576830430192,12.618590401280677,107.29176571418066,107.31224956055533,107.33588044505615
2.0,0.028564319476219038,0.04157810963464042,0.047405783962127315,0.05140122436504968,0.05451028200962949,0.05708591490664363,0.05930131131854896,0.061255258167029564,0.06300982604495683,0.06460675133318407,1.527323707602749,1.5271539995479453,1.5269759480329788,1.5267927106745882,1.526605220863671,1.526413953028634,1.5262191953259994,1.5260211398473356,1.5258199214999004,1.5256156385122719,0.12903602120614496,0.12913043253366405,0.12922946882365885,0.12933138477896702,0.12943566488659636,0.1295420473784614,0.12965037334119553,0.12976053708870122,0.1298724644051217,0.12998610141805103,-1.1525081860619516e-12,-2.5612337078757784e-13,-8.118046737594244e-13,-2.6184285667630528e-12,-4.5649965487099533e-14,-3.955484499291674e-11,-4.04563927922316e-12,-1.936340333966159e-11,-4.0531093809904103e-13,-9.735296478265696e-13,0.6049953011198311,0.5994460564541952,0.5872101836170036,0.5649678651312499,0.5224893920482241,0.00035349371230236837,0.026289221386574607,0.03341583864320752,0.03785576601453022,0.04079456771395971,1.525487298312293,1.5201733552095578,1.5102261447533587,1.4985565367693805,1.487736492463859,0.13005749023349042,0.13005749813376444,0.13005749425116434,0.13005753535938905,0.1300577418161483,-4.121497885786933e-13,-9.101681715076898e-14,-5.0124264063392976e-17,-7.642438896517181e-10,-4.177888265956671e-10,0.13745884125439656,0.14684515945401874,0.17150357102278838,0.23215975025524124,0.41332310501633956,0.8625411587461544,0.8531548405452661,0.82849642897736,0.7678402497453095,0.5866768949839424,1.749655123464968,1.7496551234649649,1.7496551234630071,13.04376109006717,13.04285210597015,13.041803469995399,107.89874963401537,107.8997731572673,107.9009539296334,1.7496551234649544,1.7496551234649649,1.7496551234649913,12.987701549164266,12.986224393953846,12.984520295830437,107.81059231144359,107.81225559984384,107.81417442775141,1.7496551234649778,1.7496551234649649,1.749655123464956,12.883010145077254,12.880570352877582,12.877755722918838,107.6459628878697,107.6487101131011,107.65187940860125,1.7496551234649438,1.7496551234649649,1.7496551234656386,12.760589258132429,12.75531133485542,12.749222537220355,107.45345351005366,107.4593964932298,107.46625252731917,1.7496551234651234,1.7496551234649649,1.7496551234649014,12.64741743389641,12.628759541816395,12.607235142311195,107.27548861254336,107.29649754596554,107.32073418932363
2.033333333333333,0.028661501449921162,0.04172298920308409,0.04757254741806582,0.05158316262780724,0.05470414012992276,0.057289729529253125,0.059513753747538346,0.06147536222527148,0.06323685365546226,0.06484011800594608,1.5273237772676131,1.5271541802559512,1.5269761943877718,1.5267929855393303,1.5266054888574123,1.5264141792090198,1.5262193446701307,1.526021176988309,1.5258198105717595,1.5256153430493404,0.12903597246786405,0.12913030126320083,0.12922927899594117,0.12933115641532947,0.12943541723547494,0.12954179955627362,0.12965014458318813,0.1297603468757052,0.12987233253782435,0.1299860480652778,-1.152756589079056e-12,-2.562436971130138e-13,-8.121306955915845e-13,-2.6196138522686694e-12,-4.5672539734150246e-14,-3.9575787121361644e-11,-4.0478993079174244e-12,-1.9374688804720544e-11,-4.055552419981744e-13,-9.741585764500974e-13,0.6048425399458423,0.5992651537641245,0.5869607747336483,0.5645671935936173,0.5216809421353179,0.00035451836605210145,0.026387949103285,0.03356562181692203,0.03804944375241958,0.04102888544915312,1.525486875793281,1.5200745708528067,1.5098941526194545,1.4979031805648426,1.4867323494816755,0.13005749238627873,0.1300574989456791,0.13005749486041707,0.1300575365794197,0.1300577477369177,-4.130149290521177e-13,-9.114027089992965e-14,-5.023740956869949e-17,-7.665950128790695e-10,-4.194450611499083e-10,0.13769474893783135,0.14716522231162926,0.1720775094247968,0.23350556675094886,0.41772127658149383,0.8623052510627197,0.8528347776876555,0.8279224905753518,0.766494433249602,0.582278723418788,1.749655123464968,1.7496551234649649,1.7496551234630071,13.04375660747463,13.042843012006259,13.04178905619158,107.89874259943397,107.89977131512637,107.90095807767412,1.7496551234649544,1.7496551234649649,1.7496551234649913,12.98666029284833,12.985172315791532,12.983455733206116,107.8089549141498,107.8106303880343,107.81256327354441,1.7496551234649778,1.7496551234649649,1.749655123464956,12.879521574976224,12.877056394661562,12.87421247608182,107.64047703836975,107.64325285081857,107.6464551255366,1.7496551234649438,1.7496551234649649,1.7496551234656383,12.753748503299946,12.74838798055313,12.74220389326908,107.44269628015427,107.44873227098392,107.4556956019685,1.749655123465123,1.7496551234649649,1.7496551234649014,12.636937512589567,12.617808955331089,12.595741579947854,107.25900872021403,107.28054762633387,107.30539566480684
2.066666666666667,0.028757416295059162,0.04186600534980221,0.04773717880521352,0.051762784259507685,0.05489553779644222,0.05749096443057905,0.05972351379691078,0.06169269331927932,0.0634610269390767,0.06507055629224073,1.5273238464786125,1.5271543598350676,1.5269764392924596,1.5267932588204272,1.5266057552619745,1.526414403885363,1.526219492657662,1.5260212129585502,1.525819698675804,1.5256150468186425,0.12903592397808133,0.12913017060259152,0.12922908993203353,0.12933092885885844,0.12943517035891272,0.12954155242165324,0.12964991638770448,0.12976015707583682,0.12987220092213536,0.1299859948018369,-1.153008966884686e-12,-2.563288202646288e-13,-8.124552497181775e-13,-2.6207956429822084e-12,-4.5695069165622636e-14,-3.959668679016689e-11,-4.0501567371678106e-12,-1.9385962414071372e-11,-4.057992693974294e-13,-9.747882834113294e-13,0.6046931566907608,0.5990881173278904,0.5867163429364641,0.5641735753882932,0.5208830730912218,0.00035552853382555985,0.026485438388448735,0.03371384400879631,0.03824155513128649,0.04126190425322199,1.5254864526156093,1.5199756217112184,1.5095602160308814,1.4972437324330723,1.4857154396243817,0.13005749453510204,0.13005749975876016,0.13005749546889164,0.13005753779516468,0.13005775365507136,-4.1397387982079207e-13,-9.126254356726036e-14,-5.034978768874589e-17,-7.689279453819552e-10,-4.2111126739193673e-10,0.1379261793569345,0.1474797209251931,0.1726431838765161,0.23483745721770957,0.42209372231274706,0.8620738206436169,0.8525202790740916,0.8273568161236271,0.765162542782841,0.5779062776875349,1.749655123464968,1.7496551234649649,1.7496551234630071,13.043752118313655,13.042833991595467,13.041774808371876,107.89873555432436,107.89976937223973,107.90096202089109,1.7496551234649544,1.7496551234649649,1.7496551234649913,12.985617332070309,12.984118668721235,12.982389758053788,107.80731483655128,107.80900234328504,107.81094911031262,1.7496551234649778,1.7496551234649649,1.7496551234649558,12.876012932948393,12.873522553143559,12.870649563547037,107.63495962534019,107.6377638126134,107.64099882152529,1.7496551234649445,1.7496551234649649,1.7496551234656381,12.746845357718621,12.741402273393996,12.735122940174504,107.43184093948456,107.43796989530105,107.44504047395904,1.749655123465123,1.7496551234649649,1.7496551234649014,12.626327636716422,12.606724066699327,12.584108699916918,107.24232447157867,107.26439824580568,107.28986332690981
2.1,0.02885210081725592,0.04200721199389276,0.047899739728762464,0.0519401561398194,0.055084545995840985,0.0576896940011364,0.05993066878584575,0.061907331351754524,0.06368242811863657,0.06529815052664238,1.5273239152483271,1.5271545383168317,1.5269766827879574,1.526793530563083,1.5266060201231815,1.5264146271012038,1.5262196393274343,1.526021247790131,1.5258195858355144,1.5256147498334298,0.12903587572979844,0.1291300405343793,0.1292289016094943,0.12933070208503916,0.1294349242324216,0.1295413059518014,0.12964968873501748,0.12975996767362874,0.12987206954789351,0.12998594162381383,-1.1532530691793527e-12,-2.5641323404747537e-13,-8.127776301365592e-13,-2.621970688630684e-12,-4.571748272234816e-14,-3.961749754392587e-11,-4.052403461263724e-12,-1.9397182515746967e-11,-4.0604011432642026e-13,-9.754159471965094e-13,0.6045470129569873,0.5989147913178317,0.5864766934736324,0.5637867451362724,0.5200954000015212,0.000356524647751774,0.02658172459305011,0.03386055138410228,0.038432155811458535,0.04149369270702241,1.525486028785914,1.5198765103507044,1.5092243435648196,1.4965781779135043,1.4846856511939672,0.13005749668008235,0.13005750057307813,0.13005749607678116,0.13005753900698994,0.1300577595699328,-4.1496511093161684e-13,-9.138381815487505e-14,-5.046168853136309e-17,-7.712645963341892e-10,-4.2278308788183827e-10,0.13815329971257442,0.14778885760783642,0.17320088491449834,0.23615590019343388,0.42644106130235004,0.8618467002879772,0.8522111423914477,0.8267991150856449,0.7638440998071168,0.5735589386979313,1.749655123464968,1.7496551234649649,1.7496551234630071,13.043747622640717,13.04282504193749,13.041760720440353,107.89872849878387,107.89976733192148,107.90096576630931,1.7496551234649544,1.7496551234649649,1.7496551234649913,12.984572694007744,12.98306347548897,12.981322388007094,107.80567212138533,107.8073715133233,107.80933199153982,1.7496551234649778,1.7496551234649649,1.7496551234649558,12.87248431529077,12.869968918112024,12.867067067594432,107.62941080020983,107.63224315724308,107.6355106637794,1.7496551234649445,1.7496551234649649,1.7496551234656381,12.739879708249216,12.734354089339618,12.727979541324567,107.42088731013087,107.42710920054004,107.4342869918077,1.749655123465123,1.7496551234649649,1.7496551234649014,12.615586764416436,12.595503823123002,12.572335436802316,107.22543422828926,107.2480477783487,107.27413556380824
